[
  {"id":"100","client_name":"СУД","client_surname":"Сабыр","phone_number":"","discount_id":"100","discount_name":"Стандартный","percentage":"0"},
  {"id":"100","client_name":"Карабулак","client_surname":"Аскар","phone_number":"87757312101","discount_id":"100","discount_name":"Стандартный","percentage":"0"},
  {"id":"100","client_name":"","client_surname":"Физ.лицо","phone_number":"87027406803","discount_id":"100","discount_name":"Стандартный","percentage":"0"},
  {"id":"101","client_name":"","client_surname":"Адема","phone_number":"87475321015","discount_id":"101","discount_name":"Лояльный клиент","percentage":"10"},
  {"id":"101","client_name":"","client_surname":"Халмат","phone_number":"87756891377","discount_id":"101","discount_name":"Лояльный клиент","percentage":"10"},
  {"id":"101","client_name":"Т","client_surname":"Каримов","phone_number":"87753001822","discount_id":"101","discount_name":"Лояльный клиент","percentage":"10"},
  {"id":"101","client_name":"","client_surname":"Виталий","phone_number":"87762278000","discount_id":"101","discount_name":"Лояльный клиент","percentage":"10"},
  {"id":"102","client_name":"Марат","client_surname":"Бектореев","phone_number":"87016462711","discount_id":"102","discount_name":"Супер лояльный","percentage":"25"},
  {"id":"102","client_name":"Усен","client_surname":"Кистаубаев","phone_number":"87082717140","discount_id":"102","discount_name":"Супер лояльный","percentage":"25"},
  {"id":"102","client_name":"Казыбек","client_surname":"Ылес","phone_number":"87026538649","discount_id":"102","discount_name":"Супер лояльный","percentage":"25"},
  {"id":"102","client_name":"к.Самал","client_surname":"Фархат","phone_number":"87752070298","discount_id":"102","discount_name":"Супер лояльный","percentage":"25"},
  {"id":"102","client_name":"ЦОН","client_surname":"Руслан","phone_number":"87777692222","discount_id":"102","discount_name":"Супер лояльный","percentage":"25"},
  {"id":"102","client_name":"","client_surname":"Гулам","phone_number":"87751514004","discount_id":"102","discount_name":"Супер лояльный","percentage":"25"},
  {"id":"103","client_name":"Эльдар","client_surname":"Сайрамбай","phone_number":"87018406823","discount_id":"103","discount_name":"VIP","percentage":"50"},
  {"id":"103","client_name":"Акылбекович","client_surname":"Нурсултан","phone_number":"87757999897","discount_id":"103","discount_name":"VIP","percentage":"50"},
  {"id":"103","client_name":"Миша","client_surname":"Дядь","phone_number":"87026000036","discount_id":"103","discount_name":"VIP","percentage":"50"},
  {"id":"103","client_name":"Ильяс","client_surname":"Марин","phone_number":"87472774939","discount_id":"103","discount_name":"VIP","percentage":"50"},
  {"id":"103","client_name":"Мужская","client_surname":"Еркошка","phone_number":"87016651717","discount_id":"103","discount_name":"VIP","percentage":"50"},
  {"id":"103","client_name":"Диана","client_surname":"Куралова","phone_number":"87754740561","discount_id":"103","discount_name":"VIP","percentage":"50"},
  {"id":"104","client_name":"Братишка","client_surname":"Еркоша","phone_number":"87016651717","discount_id":"104","discount_name":"SuperLow","percentage":"70"},
  {"id":"104","client_name":"Фин","client_surname":"Ержан","phone_number":"87017418870","discount_id":"104","discount_name":"SuperLow","percentage":"70"},
  {"id":"105","client_name":"","client_surname":"Клиент","phone_number":"87027406803","discount_id":"105","discount_name":"Супер лояльный для картриджей","percentage":"29"},
  {"id":"105","client_name":"Шойынбаева","client_surname":"шк.","phone_number":"87711500556","discount_id":"105","discount_name":"Супер лояльный для картриджей","percentage":"29"},
  {"id":"105","client_name":"Каз.Телеком","client_surname":"Досжан","phone_number":"","discount_id":"105","discount_name":"Супер лояльный для картриджей","percentage":"29"},
  {"id":"105","client_name":"Акылбекович","client_surname":"Нурсултан","phone_number":"","discount_id":"105","discount_name":"Супер лояльный для картриджей","percentage":"29"},
  {"id":"105","client_name":"М","client_surname":"Еркебулан","phone_number":"","discount_id":"105","discount_name":"Супер лояльный для картриджей","percentage":"29"},
  {"id":"105","client_name":"Акылбекович","client_surname":"Нурсултан","phone_number":"","discount_id":"105","discount_name":"Супер лояльный для картриджей","percentage":"29"},
  {"id":"107","client_name":"Кредит","client_surname":"Арнур","phone_number":"87019413166","discount_id":"107","discount_name":"Организация","percentage":"0"},
  {"id":"107","client_name":"Спорт","client_surname":"Нуржан","phone_number":"","discount_id":"107","discount_name":"Организация","percentage":"0"},
  {"id":"107","client_name":"\"Исфиджаб\"","client_surname":"ТОО","phone_number":"87024317319","discount_id":"107","discount_name":"Организация","percentage":"0"},
  {"id":"107","client_name":"Карабулак","client_surname":"АКФ","phone_number":"","discount_id":"107","discount_name":"Организация","percentage":"0"},
  {"id":"107","client_name":"\"Исфиджаб\"","client_surname":"ТОО","phone_number":"87071810250","discount_id":"107","discount_name":"Организация","percentage":"0"},
  {"id":"107","client_name":"Тазалык","client_surname":"Сайрам","phone_number":"87786060057","discount_id":"107","discount_name":"Организация","percentage":"0"},
  {"id":"107","client_name":"мебель","client_surname":"Bella","phone_number":"87024442419","discount_id":"107","discount_name":"Организация","percentage":"0"},
  {"id":"107","client_name":"Аксу","client_surname":"ИП","phone_number":"87759435553","discount_id":"107","discount_name":"Организация","percentage":"0"},
  {"id":"107","client_name":"Акимат","client_surname":"Карабулак","phone_number":"","discount_id":"107","discount_name":"Организация","percentage":"0"},
  {"id":"107","client_name":"Карабулак","client_surname":"AKF","phone_number":"","discount_id":"107","discount_name":"Организация","percentage":"0"},
  {"id":"107","client_name":"Ломбард","client_surname":"М","phone_number":"","discount_id":"107","discount_name":"Организация","percentage":"0"},
  {"id":"107","client_name":"мебель","client_surname":"Bella","phone_number":"87024442419","discount_id":"107","discount_name":"Организация","percentage":"0"},
  {"id":"107","client_name":"мебель","client_surname":"Bella","phone_number":"87024442419","discount_id":"107","discount_name":"Организация","percentage":"0"},
  {"id":"107","client_name":"Акимат","client_surname":"Аслан","phone_number":"87020573333","discount_id":"107","discount_name":"Организация","percentage":"0"},
  {"id":"107","client_name":"апай","client_surname":"Гульзира","phone_number":"87025148800","discount_id":"107","discount_name":"Организация","percentage":"0"},
  {"id":"107","client_name":"кредит","client_surname":"Арнур","phone_number":"","discount_id":"107","discount_name":"Организация","percentage":"0"},
  {"id":"107","client_name":"организация","client_surname":"ЖБС","phone_number":"","discount_id":"107","discount_name":"Организация","percentage":"0"},
  {"id":"107","client_name":"Нурдаулет","client_surname":"ЮКИИК","phone_number":"87771477722","discount_id":"107","discount_name":"Организация","percentage":"0"},
  {"id":"107","client_name":"Аксукент","client_surname":"AKF","phone_number":"","discount_id":"107","discount_name":"Организация","percentage":"0"},
  {"id":"107","client_name":"Акимат","client_surname":"Аслан","phone_number":"","discount_id":"107","discount_name":"Организация","percentage":"0"},
  {"id":"107","client_name":"апай","client_surname":"Гульзира","phone_number":"","discount_id":"107","discount_name":"Организация","percentage":"0"},
  {"id":"107","client_name":"(Кайнарбулак)","client_surname":"Гаухар","phone_number":"","discount_id":"107","discount_name":"Организация","percentage":"0"},
  {"id":"107","client_name":"Исфиджаб","client_surname":"ТОО","phone_number":"","discount_id":"107","discount_name":"Организация","percentage":"0"},
  {"id":"107","client_name":"политика","client_surname":"Внутренняя","phone_number":"87025815793","discount_id":"107","discount_name":"Организация","percentage":"0"},
  {"id":"107","client_name":"апай","client_surname":"Шарифа","phone_number":"","discount_id":"107","discount_name":"Организация","percentage":"0"},
  {"id":"107","client_name":"Аксукент","client_surname":"AKF","phone_number":"","discount_id":"107","discount_name":"Организация","percentage":"0"},
  {"id":"107","client_name":"служба","client_surname":"Вет","phone_number":"","discount_id":"107","discount_name":"Организация","percentage":"0"},
  {"id":"107","client_name":"Аксу","client_surname":"Жкх","phone_number":"","discount_id":"107","discount_name":"Организация","percentage":"0"},
  {"id":"107","client_name":"Натур","client_surname":"ТОО","phone_number":"","discount_id":"107","discount_name":"Организация","percentage":"0"},
  {"id":"107","client_name":"отдел","client_surname":"Фин","phone_number":"","discount_id":"107","discount_name":"Организация","percentage":"0"},
  {"id":"107","client_name":"(Спорт","client_surname":"Орынбасар","phone_number":"87014052836","discount_id":"107","discount_name":"Организация","percentage":"0"},
  {"id":"107","client_name":"Организация","client_surname":"KMF","phone_number":"","discount_id":"107","discount_name":"Организация","percentage":"0"},
  {"id":"107","client_name":"Акимат","client_surname":"Фарух","phone_number":"87026111118","discount_id":"107","discount_name":"Организация","percentage":"0"},
  {"id":"107","client_name":"кредит","client_surname":"Арнур","phone_number":"","discount_id":"107","discount_name":"Организация","percentage":"0"},
  {"id":"107","client_name":"Юля","client_surname":"М-Ломбард","phone_number":"87054908522","discount_id":"107","discount_name":"Организация","percentage":"0"},
  {"id":"107","client_name":"отдел","client_surname":"Сельхоз","phone_number":"87029922530","discount_id":"107","discount_name":"Организация","percentage":"0"},
  {"id":"107","client_name":"Карабулак","client_surname":"KMF","phone_number":"","discount_id":"107","discount_name":"Организация","percentage":"0"},
  {"id":"107","client_name":"Карабулак","client_surname":"AKF","phone_number":"","discount_id":"107","discount_name":"Организация","percentage":"0"},
  {"id":"107","client_name":"кредит","client_surname":"Арнур","phone_number":"","discount_id":"107","discount_name":"Организация","percentage":"0"},
  {"id":"107","client_name":"болымы","client_surname":"Курылыс","phone_number":"","discount_id":"107","discount_name":"Организация","percentage":"0"},
  {"id":"107","client_name":"резорт","client_surname":"Термал","phone_number":"87473046459","discount_id":"107","discount_name":"Организация","percentage":"0"},
  {"id":"107","client_name":"колледж","client_surname":"Фарух","phone_number":"","discount_id":"107","discount_name":"Организация","percentage":"0"},
  {"id":"107","client_name":"Акимат","client_surname":"Аслан","phone_number":"","discount_id":"107","discount_name":"Организация","percentage":"0"},
  {"id":"107","client_name":"болымы","client_surname":"Курылыс","phone_number":"","discount_id":"107","discount_name":"Организация","percentage":"0"},
  {"id":"107","client_name":"акима","client_surname":"Аппарат","phone_number":"","discount_id":"107","discount_name":"Организация","percentage":"0"},
  {"id":"107","client_name":"служба","client_surname":"Вет","phone_number":"","discount_id":"107","discount_name":"Организация","percentage":"0"},
  {"id":"107","client_name":"строительства","client_surname":"Отдел","phone_number":"","discount_id":"107","discount_name":"Организация","percentage":"0"},
  {"id":"107","client_name":"Aksukent","client_surname":"KMF","phone_number":"","discount_id":"107","discount_name":"Организация","percentage":"0"},
  {"id":"107","client_name":"Кредит","client_surname":"Арнур","phone_number":"","discount_id":"107","discount_name":"Организация","percentage":"0"},
  {"id":"107","client_name":"Акимат","client_surname":"Фарух","phone_number":"","discount_id":"107","discount_name":"Организация","percentage":"0"},
  {"id":"107","client_name":"Карабулак","client_surname":"АКФ","phone_number":"","discount_id":"107","discount_name":"Организация","percentage":"0"},
  {"id":"107","client_name":"апай","client_surname":"Гульзира","phone_number":"","discount_id":"107","discount_name":"Организация","percentage":"0"},
  {"id":"107","client_name":"Карабулак","client_surname":"КМФ","phone_number":"","discount_id":"107","discount_name":"Организация","percentage":"0"},
  {"id":"107","client_name":"Карабулак","client_surname":"КМФ","phone_number":"","discount_id":"107","discount_name":"Организация","percentage":"0"},
  {"id":"107","client_name":"Әкімшілігі","client_surname":"Көлкент","phone_number":"87028558888","discount_id":"107","discount_name":"Организация","percentage":"0"},
  {"id":"107","client_name":"Әкімшілігі","client_surname":"Көлкент","phone_number":"87789471290","discount_id":"107","discount_name":"Организация","percentage":"0"},
  {"id":"107","client_name":"акимат","client_surname":"Фарух","phone_number":"","discount_id":"107","discount_name":"Организация","percentage":"0"},
  {"id":"107","client_name":"Колледж","client_surname":"Юкиик","phone_number":"","discount_id":"107","discount_name":"Организация","percentage":"0"},
  {"id":"107","client_name":"Гульнар","client_surname":"ЮКИИК","phone_number":"","discount_id":"107","discount_name":"Организация","percentage":"0"},
  {"id":"107","client_name":"ИСФИДЖАБ","client_surname":"тоо","phone_number":"","discount_id":"107","discount_name":"Организация","percentage":"0"},
  {"id":"107","client_name":"ИСФИДЖАБ","client_surname":"тоо","phone_number":"","discount_id":"107","discount_name":"Организация","percentage":"0"},
  {"id":"107","client_name":"с\/о","client_surname":"Карабулак","phone_number":"","discount_id":"107","discount_name":"Организация","percentage":"0"},
  {"id":"107","client_name":"акимат","client_surname":"Карабулак","phone_number":"","discount_id":"107","discount_name":"Организация","percentage":"0"},
  {"id":"108","client_name":"Алия","client_surname":"Самат","phone_number":"87752404901","discount_id":"108","discount_name":"Родственники, друзья","percentage":"100"},
  {"id":"108","client_name":"Нуржан","client_surname":"Султанов","phone_number":"87027406803","discount_id":"108","discount_name":"Родственники, друзья","percentage":"100"},
  {"id":"108","client_name":"Братишка","client_surname":"Еркоша","phone_number":"87016651717","discount_id":"108","discount_name":"Родственники, друзья","percentage":"100"},
  {"id":"112","client_name":"Мадина","client_surname":"Клиент","phone_number":"87756226405","discount_id":"112","discount_name":"20","percentage":"20"}
]

