[
  {"product_name":"ОЗУ DDR400 1 GB для ПК","description":"Corsair","price":"4500","quantity":"1","provider":"Илья Петричук","income_price":"2500","date":"2021-02-03 13:01:29.417000","storage_quantity":"1"},
  {"product_name":"Фотобарабан HP P1005","description":"на картриджи Сanon 725, 728, 737, 712; HP 278, 285, 35A, 36A","price":"800","quantity":"20","provider":"Кит-Юг","income_price":"800","date":"2021-10-07 07:23:40.000000","storage_quantity":"12"},
  {"product_name":"Фотобарабан HP 1010","description":"HP Q2612\/FX9\/FX10","price":"800","quantity":"94","provider":"ИП МАК","income_price":"380","date":"2021-02-01 15:44:36.107000","storage_quantity":"30"},
  {"product_name":"Фотобарабан HP 1200","description":"Canon MF 3220\/HP 7115","price":"800","quantity":"5","provider":"Кит-Юг","income_price":"800","date":"2021-08-31 13:53:10.000000","storage_quantity":"0"},
  {"product_name":"Тонер MPT9, 100гр","description":"Q2612\/FX9","price":"700","quantity":"1683","provider":"ИП МАК","income_price":"400","date":"2021-02-02 10:11:25.819000","storage_quantity":"50"},
  {"product_name":"Тонер MPT10, 80гр","description":"HP 285\/278; Canon 725\/728\/737\/712","price":"700","quantity":"806","provider":"ИП МАК","income_price":"400","date":"2021-02-02 10:12:52.645000","storage_quantity":"0"},
  {"product_name":"Тонер MPT9, 80гр","description":"725\/728\/285\/278\/737","price":"800","quantity":null,"provider":null,"income_price":null,"date":null,"storage_quantity":"0"},
  {"product_name":"Фотобарабан Samsung D104","description":"SaMSUNG SCX3200\/ML 1660","price":"1000","quantity":"5","provider":"Кит-Юг","income_price":"1000","date":"2021-10-14 15:25:00.000000","storage_quantity":"4"},
  {"product_name":"Фотобарабан Samsung D101","description":"Samsung SCX 3400\/ML 2160\/m2020\/M2070","price":"1000","quantity":"13","provider":"Кит-Юг","income_price":"600","date":"2021-02-02 12:30:58.784000","storage_quantity":"6"},
  {"product_name":"Термопленка НР1200","description":"для принтеров НР, Canon","price":"1000","quantity":"10","provider":"Кит-Юг","income_price":"1000","date":"2021-10-06 08:59:18.000000","storage_quantity":"6"},
  {"product_name":"Резиновый вал в печку НР1010","description":"принтер НР1010","price":"3500","quantity":"1","provider":"Кит-Юг","income_price":"3500","date":"2021-07-30 12:51:12.000000","storage_quantity":"0"},
  {"product_name":"Резиновый вал в печку НР1022","description":"+","price":"3500","quantity":"3","provider":"ИП МАК","income_price":"1800","date":"2021-02-02 11:57:02.636000","storage_quantity":"0"},
  {"product_name":"Резиновый вал в печку НР Р1005","description":"НР1005","price":"3300","quantity":"1","provider":"Кит-Юг","income_price":"3300","date":"2021-09-13 14:02:58.000000","storage_quantity":"0"},
  {"product_name":"Ракель НР1010","description":"Чистящее лезвие","price":"600","quantity":"10","provider":"Кит-Юг","income_price":"600","date":"2021-10-14 15:20:47.000000","storage_quantity":"8"},
  {"product_name":"Ракель НР1200","description":"Чистящее лезвие","price":"600","quantity":"1","provider":"Кит-Юг","income_price":"600","date":"2021-07-07 09:12:23.000000","storage_quantity":"0"},
  {"product_name":"Дозатор НР1010","description":"Дозируещее лезвие","price":"600","quantity":"5","provider":"Кит-Юг","income_price":"600","date":"2021-09-08 07:36:03.000000","storage_quantity":"0"},
  {"product_name":"Дозатор НР1200","description":"Дозирующее лезвие","price":"600","quantity":"10","provider":"Кит-Юг","income_price":"600","date":"2021-02-19 11:59:07.690000","storage_quantity":"6"},
  {"product_name":"Дозатор НР Р1005","description":"Дозируещее лезвие","price":"600","quantity":"13","provider":"Кит-Юг","income_price":"300","date":"2021-02-02 12:17:00.294000","storage_quantity":"2"},
  {"product_name":"Ракель НР Р1005","description":"Чистящее лезвие","price":"600","quantity":"10","provider":"Кит-Юг","income_price":"600","date":"2021-08-19 06:35:17.000000","storage_quantity":"7"},
  {"product_name":"Шлейф сканера Samsung SCX 4300","description":"SCX 4300","price":"3000","quantity":"1","provider":"Кит-Юг","income_price":"3000","date":"2021-10-18 09:18:14.000000","storage_quantity":"0"},
  {"product_name":"шлейф сканера Canon MF 4010","description":"+","price":"3500","quantity":"3","provider":"Кит-Юг","income_price":"3500","date":"2021-09-11 09:20:50.000000","storage_quantity":"2"},
  {"product_name":"SSD SATA 2,5\", 240 Gb","description":"KingSpec","price":"17500","quantity":"3","provider":"Web","income_price":"17500","date":"2021-10-18 05:56:15.000000","storage_quantity":"2"},
  {"product_name":"SSD SATA, 120 Gb 2.5mm","description":"Apacer","price":"12500","quantity":"3","provider":"Web","income_price":"11000","date":"2021-09-10 14:47:19.000000","storage_quantity":"0"},
  {"product_name":"SSD M2 SATA, 120 Gb KingSpec","description":"KingSpec","price":"12000","quantity":"4","provider":"Web","income_price":"11500","date":"2021-09-03 09:58:22.000000","storage_quantity":"2"},
  {"product_name":"Адаптер в ноутбук HDD to DVD, 9,5мм","description":"Second HDD","price":"4500","quantity":"5","provider":"Web","income_price":"4500","date":"2021-08-13 13:51:11.000000","storage_quantity":"0"},
  {"product_name":"Адаптер в ноутбук HDD to DVD, 12мм","description":"Second HDD","price":"4500","quantity":"3","provider":"Web","income_price":"4500","date":"2021-10-13 07:50:05.000000","storage_quantity":"2"},
  {"product_name":"Жесткий диск SATA 3,5\", 2 Tb","description":"Seagate","price":"32000","quantity":"2","provider":"Web","income_price":"28500","date":"2021-02-01 11:01:48.342000","storage_quantity":"2"},
  {"product_name":"Жесткий диск SATA, 3,5\" 500 Gb","description":"Toshiba","price":"19000","quantity":"1","provider":"Web","income_price":"16600","date":"2021-02-01 11:00:29.077000","storage_quantity":"1"},
  {"product_name":"Жесткий диск SATA, 3,5\" 1000 Gb","description":"Toshiba","price":"21000","quantity":"1","provider":"Илья Петричук","income_price":"14000","date":"2021-03-19 15:05:54.568000","storage_quantity":"2"},
  {"product_name":"SSD SATA 2,5\", 120 Gb","description":"Kingston","price":"12500","quantity":"3","provider":"Web","income_price":"10400","date":"2021-02-01 10:57:36.974000","storage_quantity":"0"},
  {"product_name":"M.2 SSD PCIe NVME, 256GB","description":"KingSec","price":"20000","quantity":"1","provider":"Web","income_price":"20000","date":"2021-08-30 12:29:18.000000","storage_quantity":"0"},
  {"product_name":"Жесткий диск SATA, 3,5\" 500 Gb","description":"Toshiba, б.у","price":"8000","quantity":"1","provider":"Илья Петричук","income_price":"4000","date":"2021-02-08 07:30:55.459000","storage_quantity":"1"},
  {"product_name":"Жесткий диск SATA, 3,5\" 1000 Gb","description":"Seagate б.у","price":"13000","quantity":"1","provider":"Илья Петричук","income_price":"9000","date":"2021-02-01 10:55:09.266000","storage_quantity":"0"},
  {"product_name":"Жесткий диск SATA, 3,5\" 1000 Gb","description":"Hitachi, б.у","price":"13000","quantity":"1","provider":"Илья Петричук","income_price":"9000","date":"2021-02-01 10:54:35.626000","storage_quantity":"0"},
  {"product_name":"Плата расширения PCI-e NME M.2 ","description":"до 2Тб","price":"3800","quantity":"2","provider":"Moontech","income_price":"2800","date":"2021-02-01 11:37:31.233000","storage_quantity":"2"},
  {"product_name":"Вентилятор 120мм, DeepCool RF120 Single color","description":"1300 RPM","price":"2500","quantity":"2","provider":"Web","income_price":"1800","date":"2021-02-02 10:27:12.564000","storage_quantity":"2"},
  {"product_name":"Тонер МРТ8, 150гр","description":"+","price":"700","quantity":"476","provider":"ИП МАК","income_price":"600","date":"2021-02-02 10:22:12.508000","storage_quantity":"243"},
  {"product_name":"Тонер HG192.0080, 80гр","description":"Samsung, Xerox","price":"700","quantity":"548","provider":"ИП МАК","income_price":"400","date":"2021-02-02 10:22:58.707000","storage_quantity":"74"},
  {"product_name":"Тонер HG 361.0080, 80гр ","description":"HP, Canon","price":"700","quantity":"490","provider":"ИП МАК","income_price":"400","date":"2021-02-02 10:23:48.436000","storage_quantity":"365"},
  {"product_name":"Тонер Q2612, 140 гр","description":"+","price":"700","quantity":"485","provider":"ИП МАК","income_price":"550","date":"2021-02-02 10:21:35.515000","storage_quantity":"444"},
  {"product_name":"Тонер HP217F, 55гр","description":"Static Control","price":"700","quantity":"286","provider":"ИП МАК","income_price":"500","date":"2021-02-02 10:20:10.819000","storage_quantity":"154"},
  {"product_name":"Резиновый вал в картридж НР1010","description":"коротрон","price":"600","quantity":"10","provider":"Кит-Юг","income_price":"600","date":"2021-09-15 09:50:03.000000","storage_quantity":"4"},
  {"product_name":"Магнитный вал НР1010","description":"+","price":"800","quantity":"10","provider":"Кит-Юг","income_price":"800","date":"2021-10-02 08:54:52.000000","storage_quantity":"9"},
  {"product_name":"Магнитный вал НР505","description":"+","price":"800","quantity":"5","provider":"Кит-Юг","income_price":"500","date":"2021-02-02 12:29:17.748000","storage_quantity":"4"},
  {"product_name":"Магнитный вал НР1005","description":"+","price":"800","quantity":"5","provider":"Кит-Юг","income_price":"800","date":"2021-06-14 13:31:40.000000","storage_quantity":"2"},
  {"product_name":"Резиновый Вал Samsung 1210","description":"+","price":"800","quantity":"1","provider":"Кит-Юг","income_price":"600","date":"2021-02-02 14:24:37.407000","storage_quantity":"1"},
  {"product_name":"Ракель Samsung D108S","description":"+","price":"800","quantity":"3","provider":"Кит-Юг","income_price":"600","date":"2021-02-02 14:27:12.958000","storage_quantity":"1"},
  {"product_name":"Резиновый вал Samsung D108S","description":"+","price":"800","quantity":"7","provider":"Кит-Юг","income_price":"600","date":"2021-02-02 14:26:08.500000","storage_quantity":"7"},
  {"product_name":"Резиновый Вал Samsung D104S","description":"+","price":"800","quantity":"3","provider":"Кит-Юг","income_price":"600","date":"2021-02-02 14:29:38.557000","storage_quantity":"0"},
  {"product_name":"Вал переноса Samsung D104S","description":"+","price":"1000","quantity":"2","provider":"Кит-Юг","income_price":"800","date":"2021-02-02 14:30:57.083000","storage_quantity":"2"},
  {"product_name":"Фетр Samsung 1710 D109S","description":"+","price":"1000","quantity":"9","provider":"Кит-Юг","income_price":"800","date":"2021-02-02 14:37:44.302000","storage_quantity":"9"},
  {"product_name":"Ракель Samsung D101S ","description":"+","price":"800","quantity":"1","provider":"Кит-Юг","income_price":"800","date":"2021-10-04 09:33:20.000000","storage_quantity":"0"},
  {"product_name":"Резиновый вал Samsung D101S","description":"+","price":"800","quantity":"1","provider":"Кит-Юг","income_price":"800","date":"2021-02-02 14:41:09.381000","storage_quantity":"1"},
  {"product_name":"Вал переноса Samsung 1710 D109S","description":"+","price":"1000","quantity":"5","provider":"Кит-Юг","income_price":"800","date":"2021-02-02 14:42:43.263000","storage_quantity":"5"},
  {"product_name":"Дозирующее лезвие Samsung D101S","description":"+","price":"800","quantity":"14","provider":"Кит-Юг","income_price":"600","date":"2021-02-02 14:47:37.950000","storage_quantity":"13"},
  {"product_name":"Вал переноса Samsung D101S","description":"+","price":"1000","quantity":"1","provider":"Кит-Юг","income_price":"1000","date":"2021-02-02 14:48:58.706000","storage_quantity":"0"},
  {"product_name":"Дозирующее лезвие Samsung D109S","description":"+","price":"800","quantity":"6","provider":"Кит-Юг","income_price":"600","date":"2021-02-02 15:26:53.688000","storage_quantity":"6"},
  {"product_name":"Вентилятор  80мм, 12В","description":"DeepCool","price":"1000","quantity":"7","provider":"Web","income_price":"600","date":"2021-04-09 14:22:29.000000","storage_quantity":"9"},
  {"product_name":"Конденсатор электролитический 10-50B","description":"до 50В ","price":"200","quantity":"10","provider":"Омега ЮГ, Александр","income_price":"90","date":"2021-02-09 06:38:52.109000","storage_quantity":"30"},
  {"product_name":"Конденсатор электролитический 100-450B","description":"+","price":"600","quantity":"10","provider":"Омега ЮГ, Александр","income_price":"300","date":"2021-02-02 19:33:53.667000","storage_quantity":"3"},
  {"product_name":"Конденсатор электролитический 2,5-10B","description":"+","price":"150","quantity":"30","provider":"Омега ЮГ, Александр","income_price":"70","date":"2021-02-02 19:34:29.471000","storage_quantity":"27"},
  {"product_name":"Антивирус Kaspersky 1ПК\/1год продление","description":"+","price":"3000","quantity":"6","provider":"Web","income_price":"3000","date":"2021-10-16 12:35:53.000000","storage_quantity":"4"},
  {"product_name":"Антивирус Kaspersky 1ПК\/1год базовый","description":"базовый","price":"4000","quantity":"10","provider":"Web","income_price":"3500","date":"2021-02-03 06:44:07.238000","storage_quantity":"0"},
  {"product_name":"Антивирус Eset Nod32 1ПК\/1год базовый","description":"+","price":"3000","quantity":"6","provider":"Web","income_price":"3000","date":"2021-10-16 11:33:35.000000","storage_quantity":"5"},
  {"product_name":"Теплоотвод универсальный WEB","description":"сокет 775\/1155\/1150","price":"2000","quantity":"10","provider":"Web","income_price":"2000","date":"2021-09-21 17:44:42.000000","storage_quantity":"7"},
  {"product_name":"Аккумулятор 12V; 7,5Ah","description":"Для ИБП","price":"6200","quantity":"5","provider":"Web","income_price":"5300","date":"2021-04-09 14:22:59.000000","storage_quantity":"4"},
  {"product_name":"Аккумулятор 12V; 4,5Ah","description":"для ИБП","price":"5000","quantity":"8","provider":"Web","income_price":"4000","date":"2021-02-03 07:12:06.272000","storage_quantity":"1"},
  {"product_name":"Теплоотвод DeepCool, CK11508","description":"Intel LGA 1155\/1150\/1151\/1156","price":"2500","quantity":"5","provider":"Web","income_price":"2500","date":"2021-06-14 10:16:29.000000","storage_quantity":"4"},
  {"product_name":"Теплоотвод DeepCool, ALTA9","description":"Intel, LGA 1155\/1156\/1150\/1151","price":"2300","quantity":"5","provider":"Web","income_price":"2300","date":"2021-09-01 13:35:45.000000","storage_quantity":"3"},
  {"product_name":"Дисковод DVD-RW ","description":"Samsung","price":"5500","quantity":"2","provider":"Web","income_price":"4500","date":"2021-02-03 09:41:08.562000","storage_quantity":"1"},
  {"product_name":"Теплоотвод DeepCool, Ice Edge Mini FS","description":"Intel LGA 1151\/1150\/1155\/1156\/775","price":"4500","quantity":"1","provider":"Web","income_price":"3500","date":"2021-02-03 07:50:40.966000","storage_quantity":"1"},
  {"product_name":"Теплоотвод IdCooling, SE-802","description":"Intel LGA1200\/1150\/1151\/1155\/1156\/775","price":"3500","quantity":"1","provider":"Web","income_price":"2500","date":"2021-02-03 07:52:05.422000","storage_quantity":"0"},
  {"product_name":"Батарейка CR2032","description":"Camelion","price":"300","quantity":"5","provider":"NoName","income_price":"300","date":"2021-10-07 07:28:21.000000","storage_quantity":"2"},
  {"product_name":"ОЗУ DDR3 4 GB для ноутбука","description":"Hynix","price":"9000","quantity":"1","provider":"Илья Петричук","income_price":"7500","date":"2021-02-03 11:20:27.048000","storage_quantity":"0"},
  {"product_name":"ОЗУ DDR4 4 GB для ноутбука","description":"Geil","price":"9000","quantity":"1","provider":"Кит-Юг","income_price":"9000","date":"2021-03-16 10:31:21.950000","storage_quantity":"0"},
  {"product_name":"ОЗУ DDR4 2133 4 GB для ПК","description":"Apacer","price":"10000","quantity":"1","provider":"Web","income_price":"8000","date":"2021-02-03 11:38:23.585000","storage_quantity":"1"},
  {"product_name":"ОЗУ DDR4 2400 8 GB для ПК","description":"hynix, Apacer","price":"16000","quantity":"2","provider":"Web","income_price":"14500","date":"2021-02-03 11:39:03.353000","storage_quantity":"2"},
  {"product_name":"ОЗУ DDR4 2400 16 GB для ПК","description":"+","price":"32000","quantity":"1","provider":"Web","income_price":"30000","date":"2021-02-03 11:49:28.530000","storage_quantity":"1"},
  {"product_name":"ОЗУ DDR3 4 GB для ПК","description":"Hynix, Kingston, Samsung","price":"7500","quantity":"1","provider":"Web","income_price":"7500","date":"2021-10-14 08:23:35.000000","storage_quantity":"0"},
  {"product_name":"ОЗУ DDR3 2 GB для ПК","description":"+","price":"4500","quantity":"1","provider":"Web","income_price":"4500","date":"2021-08-13 13:53:46.000000","storage_quantity":"0"},
  {"product_name":"ОЗУ DDR2 2 GB для ПК","description":"Kingston","price":"4500","quantity":"6","provider":"AliExpress","income_price":"2700","date":"2021-02-03 12:14:45.914000","storage_quantity":"2"},
  {"product_name":"Видеокарта GTS450S 1Gb, 128Bit, GDDR5","description":"Gainward","price":"12000","quantity":"1","provider":"Илья Петричук","income_price":"7000","date":"2021-02-03 14:42:49.614000","storage_quantity":"0"},
  {"product_name":"Видеокарта GTS250LE 1Gb, 128Bit, GDDR3","description":"+","price":"10000","quantity":"1","provider":"Илья Петричук","income_price":"7000","date":"2021-02-04 06:50:32.094000","storage_quantity":"1"},
  {"product_name":"Видеокарта GV-N450C 1Gb, 128Bit, GDDR5","description":"Gigabyte","price":"15000","quantity":"1","provider":"Илья Петричук","income_price":"10000","date":"2021-02-04 06:49:53.530000","storage_quantity":"1"},
  {"product_name":"Видеокарта GT9400 1Gb, 128Bit, DDR3","description":"Palit б.у","price":"5500","quantity":"1","provider":"Илья Петричук","income_price":"3000","date":"2021-02-03 14:43:37.976000","storage_quantity":"0"},
  {"product_name":"Видеокарта HD6450 1,0Gb DDR3","description":"б.у","price":"7000","quantity":"1","provider":"Илья Петричук","income_price":"5000","date":"2021-02-04 06:51:35.499000","storage_quantity":"1"},
  {"product_name":"Видеокарта FX5500, 256 Mb, AGP","description":"б.у","price":"3500","quantity":null,"provider":null,"income_price":null,"date":null,"storage_quantity":"0"},
  {"product_name":"Видеокарта GF9600GTO, 512 Mb, 256bit, PCI-e","description":"б.у","price":"6000","quantity":null,"provider":null,"income_price":null,"date":null,"storage_quantity":"0"},
  {"product_name":"Видеокарта GT440 2Gb, 128Bit, GDDR5","description":"б.у","price":"12000","quantity":"1","provider":"Илья Петричук","income_price":"9000","date":"2021-02-03 13:05:00.208000","storage_quantity":"1"},
  {"product_name":"Видеокарта GT730 2Gb, 128Bit, DDR3","description":"б.у","price":"17500","quantity":"1","provider":"Илья Петричук","income_price":"10000","date":"2021-02-04 06:48:54.009000","storage_quantity":"0"},
  {"product_name":"Видеокарта HIS Radeon H6790, 1Gb","description":"б.у","price":"17000","quantity":null,"provider":null,"income_price":null,"date":null,"storage_quantity":"0"},
  {"product_name":"Резиновый вал в картридж Samsung D109","description":"коротрон","price":"800","quantity":"5","provider":"Кит-Юг","income_price":"600","date":"2021-02-03 13:54:02.782000","storage_quantity":"3"},
  {"product_name":"Флажок датчика бумаги Ricoh","description":"+","price":"1000","quantity":"1","provider":"Разбор","income_price":"500","date":"2021-02-03 14:40:29.716000","storage_quantity":"0"},
  {"product_name":"Крышка сканера на МФУ Canon 3220","description":"б.у","price":"2000","quantity":"1","provider":"Кит-Юг","income_price":"1500","date":"2021-02-03 14:50:11.983000","storage_quantity":"0"},
  {"product_name":"Видеокарта GF6900GTX, 512 Mb, 128bit, PCI-e","description":"б.у","price":"7000","quantity":null,"provider":null,"income_price":null,"date":null,"storage_quantity":"0"},
  {"product_name":"Картридж Samsung D101","description":"Xpert","price":"4500","quantity":"5","provider":"Кит-Юг","income_price":"3500","date":"2021-02-04 06:31:19.280000","storage_quantity":"1"},
  {"product_name":"Фотобарабан HP 505","description":"+","price":"800","quantity":"6","provider":"Кит-Юг","income_price":"800","date":"2021-06-04 07:22:25.000000","storage_quantity":"2"},
  {"product_name":"Кабель VGA 1,5 m","description":"iPower","price":"1300","quantity":"3","provider":"Web","income_price":"850","date":"2021-02-05 07:51:59.286000","storage_quantity":"3"},
  {"product_name":"Кабель VGA 3 m","description":"iPower","price":"1600","quantity":"1","provider":"Web","income_price":"1000","date":"2021-02-05 07:52:44.067000","storage_quantity":"1"},
  {"product_name":"Картридж Samsung D109","description":"+","price":"4500","quantity":"1","provider":"Кит-Юг","income_price":"4500","date":"2021-10-15 08:33:22.000000","storage_quantity":"0"},
  {"product_name":"Бушинги HP P1102","description":"комплект","price":"500","quantity":"2","provider":"Кит-Юг","income_price":"270","date":"2021-02-06 07:51:11.253000","storage_quantity":"2"},
  {"product_name":"Резиновый вал в печку НР Р1102","description":"+","price":"3300","quantity":"2","provider":"Кит-Юг","income_price":"1900","date":"2021-02-06 07:54:47.902000","storage_quantity":"1"},
  {"product_name":"Жесткий диск WD Purple SATA, 3,5\" 2Tb","description":"б.у","price":"22000","quantity":"1","provider":"Илья Петричук","income_price":"12000","date":"2021-02-08 07:36:25.766000","storage_quantity":"1"},
  {"product_name":"Дисплей для ноутбука 15,6\" Slim 30 pin","description":"Матрица","price":"38000","quantity":"1","provider":"Web","income_price":"38000","date":"2021-08-10 06:42:14.000000","storage_quantity":"0"},
  {"product_name":"Дисплей для ноутбука 15,6\" Slim 40 pin","description":"Матрица","price":"38000","quantity":"2","provider":"Web","income_price":"38000","date":"2021-06-21 15:36:02.000000","storage_quantity":"1"},
  {"product_name":"Аккумулятор Acer AS10D41","description":"Acer AS10D41\/AS10D31\/AS10D81","price":"11000","quantity":"1","provider":"Галым ","income_price":"8000","date":"2021-02-09 06:38:05.340000","storage_quantity":"2"},
  {"product_name":"Блок питания 19V, 4,74 A для ноутбука Acer 5,5*1,7","description":"без шнура питания","price":"7500","quantity":"2","provider":"Илья Петричук","income_price":"4800","date":"2021-02-08 07:44:33.524000","storage_quantity":"2"},
  {"product_name":"Блок питания ATX 400W","description":"GAME-X","price":"6000","quantity":"3","provider":"Web","income_price":"6000","date":"2021-10-06 07:57:12.000000","storage_quantity":"5"},
  {"product_name":"Процессор Intel Core 2 Duo E8400","description":"3.00ghz","price":"4000","quantity":"1","provider":"Илья Петричук","income_price":"4000","date":"2021-03-19 09:09:38.432000","storage_quantity":"0"},
  {"product_name":"Гнездо питания на монитор Samsung","description":"+","price":"1200","quantity":"3","provider":"Омега ЮГ, Александр","income_price":"300","date":"2021-02-09 06:40:53.138000","storage_quantity":"3"},
  {"product_name":"Материнская плата GA-H61M-S2PV","description":"Gigabyte GA-H61M-S2PV","price":"15000","quantity":"1","provider":"Илья Петричук","income_price":"15000","date":"2021-02-10 11:28:28.321000","storage_quantity":"0"},
  {"product_name":"Процесор intel Core i3-2100","description":"CPU intel Core i3-2100 3,10 GHz","price":"7000","quantity":"1","provider":"Web","income_price":"7000","date":"2021-02-10 11:27:45.020000","storage_quantity":"0"},
  {"product_name":"ТЭН Canon\/HP","description":"1005\/1505","price":"2500","quantity":"2","provider":"Кит-Юг","income_price":"2500","date":"2021-02-10 14:32:10.557000","storage_quantity":"1"},
  {"product_name":"Гнездо USB для принтера","description":"+","price":"1000","quantity":"10","provider":"AliExpress","income_price":"600","date":"2021-02-11 14:42:40.988000","storage_quantity":"5"},
  {"product_name":"Переходник SATA to SATA на ideapad 330 ","description":"Переходник на Lenovo ideapad 320\/330","price":"1500","quantity":"8","provider":"NoName","income_price":"1500","date":"2021-10-12 12:18:40.000000","storage_quantity":"7"},
  {"product_name":"Видеокарта GF8500GT, 512 Mb, 128bit, PCI-e","description":"б.у","price":"4000","quantity":"1","provider":"Илья Петричук","income_price":"3500","date":"2021-02-13 08:19:52.415000","storage_quantity":"0"},
  {"product_name":"Чип для картриджа RICOH SP 311DN на 3500листов","description":"RICOH SP 310FNW\/310DNW\/311DNW\/325DNW\/320DN\/311DN\/311DNW\/311SFN\/311SFNW  ","price":"1000","quantity":"5","provider":"Кит-Юг","income_price":"700","date":"2021-02-13 09:03:25.528000","storage_quantity":"3"},
  {"product_name":"Чип для картриджа Panasonic KX-1500","description":"KX- MB1500","price":"500","quantity":"3","provider":"Кит-Юг","income_price":"500","date":"2021-02-13 10:16:46.930000","storage_quantity":"0"},
  {"product_name":"Видеокарта HD48501,0Gb DDR3","description":"б.у","price":"5500","quantity":"1","provider":"Илья Петричук","income_price":"5000","date":"2021-02-13 11:09:17.804000","storage_quantity":"0"},
  {"product_name":"Гнездо питания на монитор Samsung","description":"Товар +","price":"1500","quantity":"1","provider":"Web","income_price":"1500","date":"2021-02-15 06:21:26.611000","storage_quantity":"0"},
  {"product_name":"Чип для картриджа Ricoh SP150","description":"+","price":"700","quantity":"5","provider":"Кит-Юг","income_price":"700","date":"2021-04-05 09:07:22.000000","storage_quantity":"1"},
  {"product_name":"Термоплёнка Canon IR2016\/2018\/2200\/2270\/3570","description":"+","price":"5000","quantity":"2","provider":"Кит-Юг","income_price":"5000","date":"2021-07-27 12:22:33.000000","storage_quantity":"0"},
  {"product_name":"Картридж для Xerox Phaser 3052\/3260 Xerox WC 3215\/3225","description":"106R02778","price":"4000","quantity":"2","provider":"Кит-Юг","income_price":"3000","date":"2021-02-16 06:32:22.401000","storage_quantity":"1"},
  {"product_name":"Материнская плата AsRock Z75 Pro3","description":"Soccet-1155","price":"17000","quantity":"1","provider":"Web","income_price":"17000","date":"2021-02-19 07:15:34.757000","storage_quantity":"0"},
  {"product_name":"Дисплей для ноутбука 15,6 40 pin","description":"Дисплей для ноутбука 15,6 40 pin","price":"24000","quantity":"1","provider":"Web","income_price":"24000","date":"2021-02-19 15:01:43.944000","storage_quantity":"0"},
  {"product_name":"Жесткий диск 2,5 Toshiba 500gb Б\/У","description":"HDD SATA Для ноутбука","price":"12000","quantity":"1","provider":"Web","income_price":"12000","date":"2021-02-19 15:10:00.661000","storage_quantity":"0"},
  {"product_name":"Фотобарабан Canon IR2016\/2018\/2420","description":"Голубой","price":"1800","quantity":"1","provider":"Кит-Юг","income_price":"1800","date":"2021-10-12 13:35:40.000000","storage_quantity":"0"},
  {"product_name":"Дисплей для ноутбука 15,6\" Slim 40 pin б.у","description":"б.у","price":"22500","quantity":"1","provider":"Илья Петричук","income_price":"10000","date":"2021-02-22 12:36:01.335000","storage_quantity":"0"},
  {"product_name":"Картридж 217 с чипом","description":"HP 17A","price":"4500","quantity":"5","provider":"Кит-Юг","income_price":"4500","date":"2021-02-23 15:12:46.326000","storage_quantity":"1"},
  {"product_name":"PCI USB контроллер Delux","description":"+","price":"4000","quantity":"1","provider":"Web","income_price":"3300","date":"2021-02-24 07:39:04.020000","storage_quantity":"1"},
  {"product_name":"Контроллер PCI (USB port)","description":"4+1","price":"4700","quantity":"1","provider":"Web","income_price":"4700","date":"2021-05-04 15:31:37.000000","storage_quantity":"0"},
  {"product_name":"Чип для картриджа HP 17а (217)","description":"+","price":"1500","quantity":"2","provider":"Кит-Юг","income_price":"1500","date":"2021-02-24 12:02:23.458000","storage_quantity":"0"},
  {"product_name":"Чип для драм картриджа HP 19a (219)","description":"+","price":"1500","quantity":"2","provider":"Кит-Юг","income_price":"1500","date":"2021-02-24 12:02:56.683000","storage_quantity":"1"},
  {"product_name":"Форматтер Samsung SCX 3400","description":"+","price":"17000","quantity":"1","provider":"Омега ЮГ, Александр","income_price":"17000","date":"2021-02-25 08:50:18.149000","storage_quantity":"0"},
  {"product_name":"Дисплей для ноутбука 15,6\" Slim 30 pin","description":"Матрица","price":"36000","quantity":"1","provider":"Web","income_price":"36000","date":"2021-02-25 12:12:22.991000","storage_quantity":"0"},
  {"product_name":"ОЗУ DDR3 4 GB для ноутбука","description":"1,5 V","price":"10000","quantity":"1","provider":"Web","income_price":"10000","date":"2021-09-30 07:35:57.000000","storage_quantity":"0"},
  {"product_name":"Резиновый вал в картридж НР1005","description":" ","price":"600","quantity":"15","provider":"Кит-Юг","income_price":"600","date":"2021-10-18 15:04:14.000000","storage_quantity":"14"},
  {"product_name":"Материнская плата Biostar G41D3C (775soccet)","description":"Soccet-775","price":"10000","quantity":"1","provider":"Илья Петричук","income_price":"10000","date":"2021-02-26 16:20:33.855000","storage_quantity":"0"},
  {"product_name":"Процессор Core 2 Duo E6750","description":"Soccet-775","price":"4000","quantity":"1","provider":"Илья Петричук","income_price":"4000","date":"2021-02-26 16:22:15.917000","storage_quantity":"0"},
  {"product_name":"Переходник  с 20pin на 24pin","description":"Блок питание для ПК","price":"500","quantity":"4","provider":"Разбор","income_price":"500","date":"2021-02-26 16:27:13.751000","storage_quantity":"3"},
  {"product_name":"LED подсветка для дисплея 17-22\"","description":"комплект","price":"3500","quantity":"8","provider":"AliExpress","income_price":"2500","date":"2021-03-01 09:12:36.141000","storage_quantity":"3"},
  {"product_name":"Магнитный вал HP 217","description":"Вал переноса","price":"1000","quantity":"2","provider":"Web","income_price":"1000","date":"2021-03-02 14:46:03.727000","storage_quantity":"0"},
  {"product_name":"Жесткий диск 2,5 Toshiba 500gb","description":"new","price":"19500","quantity":"1","provider":"Web","income_price":"16000","date":"2021-03-03 06:56:01.290000","storage_quantity":"1"},
  {"product_name":"Интерфейсная плата принтера Canon LBP2900","description":"форматтер","price":"10000","quantity":"1","provider":"NoName","income_price":"7000","date":"2021-03-03 09:09:29.651000","storage_quantity":"0"},
  {"product_name":"Предохранитель 3,0 А 250В","description":"+","price":"200","quantity":"10","provider":"Омега ЮГ, Александр","income_price":"100","date":"2021-03-04 06:29:29.649000","storage_quantity":"9"},
  {"product_name":"Картридж 725\/285","description":"VPrint","price":"3000","quantity":"10","provider":"Кит-Юг","income_price":"2000","date":"2021-03-04 07:12:03.725000","storage_quantity":"5"},
  {"product_name":"Клавиатура для ноутбука Acer","description":"24A33-ru","price":"6000","quantity":"3","provider":"Илья Петричук","income_price":"6000","date":"2021-03-04 08:20:43.934000","storage_quantity":"2"},
  {"product_name":"ролик захвата бумаги Epson L800\/L805","description":"+","price":"1500","quantity":"2","provider":"Кит-Юг","income_price":"1500","date":"2021-03-04 13:51:17.347000","storage_quantity":"0"},
  {"product_name":"Тормозной ролик  Epson L800\/L805","description":"+","price":"1500","quantity":"2","provider":"Кит-Юг","income_price":"1500","date":"2021-03-04 13:50:52.126000","storage_quantity":"0"},
  {"product_name":"Шестерня - муфта привода печи HP LJ P1005 \/P1006 \/P1007\/P1008\/M1212\/M1132\/P1102\/Canon MF3010","description":"RU5-0984","price":"3500","quantity":"5","provider":"AliExpress","income_price":"3500","date":"2021-03-05 12:02:37.925000","storage_quantity":"3"},
  {"product_name":"Клавиатура для ноутбука Lenovo G580","description":"Lenovo G580","price":"6500","quantity":"1","provider":"Илья Петричук","income_price":"6500","date":"2021-03-06 08:38:04.696000","storage_quantity":"0"},
  {"product_name":"Блок питания Aerocool VX-750","description":"750W","price":"15000","quantity":"1","provider":"Илья Петричук","income_price":"15000","date":"2021-03-06 13:45:21.851000","storage_quantity":"0"},
  {"product_name":"Фотобарабан HP 226\/ Canon 052","description":"+","price":"800","quantity":"5","provider":"Кит-Юг","income_price":"800","date":"2021-09-30 10:05:09.000000","storage_quantity":"4"},
  {"product_name":"Материнская плата ECS P4M890T-M","description":"P4M890T-M (V2.0) LGA775","price":"7000","quantity":"1","provider":"Web","income_price":"7000","date":"2021-03-11 13:59:13.378000","storage_quantity":"0"},
  {"product_name":"Подшипник привода картридж M1005\/MF4018\/4010\/4120\/4150\/4140\/ LBP2900\/3000","description":"Подшипник привода картриджа LJ 3015\/3020\/3030\/ 3050\/3052\/3055\/ M1005\/ M1319F \/ MF4018\/4010\/4120\/4150\/4140\/ FAX-L100\/L120\/L95\/ FAX-L160\/L140\/ LBP2900\/3000\/ MF4270\/4690pl\/4660pl\/ MF4350\/4320\/4370\/4380\/4340\/4330","price":"2000","quantity":"1","provider":"AliExpress","income_price":"2000","date":"2021-03-10 15:51:34.342000","storage_quantity":"0"},
  {"product_name":"Ролик захвата бумаги Epson L210\/L366\/L222","description":"For Epson","price":"1500","quantity":"2","provider":"Кит-Юг","income_price":"1500","date":"2021-10-09 14:10:27.000000","storage_quantity":"0"},
  {"product_name":"Тормозной ролик Epson L210\/L222\/L366","description":"For Epson","price":"1500","quantity":"4","provider":"Кит-Юг","income_price":"1500","date":"2021-10-14 13:10:09.000000","storage_quantity":"2"},
  {"product_name":"SSD M.2 Sata III Apacer 120gb","description":"m.2","price":"10000","quantity":"1","provider":"Кит-Юг","income_price":"10000","date":"2021-03-16 10:29:31.448000","storage_quantity":"0"},
  {"product_name":"Картридж Samsung D109S","description":"For Samsung. With chip","price":"5000","quantity":"1","provider":"Кит-Юг","income_price":"5000","date":"2021-03-16 12:52:59.080000","storage_quantity":"0"},
  {"product_name":"Фотобарабан Ricoh SP150","description":"Ricoh SP105","price":"1500","quantity":"6","provider":"Кит-Юг","income_price":"1500","date":"2021-03-18 06:44:27.808000","storage_quantity":"4"},
  {"product_name":"Чип Samsung 4200","description":"Чип 4200","price":"500","quantity":"3","provider":"Web","income_price":"500","date":"2021-03-18 07:01:42.810000","storage_quantity":"1"},
  {"product_name":"Дисплей 40pin Slim","description":"Матрица 15.6 slim 40 pin","price":"30000","quantity":"1","provider":"Web","income_price":"30000","date":"2021-03-18 12:30:26.381000","storage_quantity":"0"},
  {"product_name":"Фотобарабан Samsung D108S ","description":"For Samsung","price":"1000","quantity":"5","provider":"Кит-Юг","income_price":"1000","date":"2021-08-27 12:40:49.000000","storage_quantity":"3"},
  {"product_name":"Преобразователь напряжения 9886","description":"микросхема 8-ножек","price":"1000","quantity":"1","provider":"Web","income_price":"1000","date":"2021-05-11 07:24:57.000000","storage_quantity":"0"},
  {"product_name":"Гнездо питания на ноутбук НР ","description":"тонкий-синий","price":"2000","quantity":"2","provider":"Омега ЮГ, Александр","income_price":"1500","date":"2021-03-19 08:53:54.392000","storage_quantity":"1"},
  {"product_name":"SSD Geil Zenith A3 120gb ","description":"SATA III","price":"11000","quantity":"2","provider":"Web","income_price":"8600","date":"2021-03-19 15:08:37.832000","storage_quantity":"2"},
  {"product_name":"Sata III 6gb","description":"Sata кабеля","price":"600","quantity":"600","provider":"Web","income_price":"20","date":"2021-03-19 09:07:23.379000","storage_quantity":"589"},
  {"product_name":"SSD Transcend 256 Gb","description":"with cashe DDR","price":"18500","quantity":"1","provider":"Web","income_price":"18500","date":"2021-04-16 09:45:05.000000","storage_quantity":"0"},
  {"product_name":"Регулятор напряжения постоянного тока FR9886","description":"микросхема ","price":"1000","quantity":"1","provider":"Разбор","income_price":"500","date":"2021-03-19 15:14:43.277000","storage_quantity":"0"},
  {"product_name":"M.2 SSD WD Blue SATA 250gb","description":"550MB\/s Read\r\n525MB\/s Write","price":"23500","quantity":"1","provider":"Кит-Юг","income_price":"23500","date":"2021-03-24 07:52:49.700000","storage_quantity":"0"},
  {"product_name":"Фотобарабан Ricoh SP100","description":"For Ricoh","price":"1500","quantity":"4","provider":"Кит-Юг","income_price":"1500","date":"2021-03-24 08:53:32.667000","storage_quantity":"2"},
  {"product_name":"Шестерня,74T LJ 1020\/1022\/MF4018\/4010\/4120\/4150\/4140\/ MF4270\/4690pl\/4660pl\/ MF4350\/4320\/4370\/4380\/4340\/4330","description":"For Hp\/ Canon","price":"3500","quantity":"5","provider":"Кит-Юг","income_price":"3500","date":"2021-03-24 14:34:04.555000","storage_quantity":"3"},
  {"product_name":"Micro Clutch FK2-5349","description":"For Canon IR2016\/IR2018\/IR2420","price":"5000","quantity":"1","provider":"Кит-Юг","income_price":"5000","date":"2021-03-25 11:29:43.834000","storage_quantity":"0"},
  {"product_name":"Тонер HP\/Canon yellow","description":"Static Control 45гр","price":"1300","quantity":"6","provider":"Кит-Юг","income_price":"1300","date":"2021-03-25 13:14:00.064000","storage_quantity":"5"},
  {"product_name":"Тонер HP\/Canon Cyan","description":"Static Control 45гр","price":"1300","quantity":"6","provider":"Кит-Юг","income_price":"1300","date":"2021-03-25 13:13:51.443000","storage_quantity":"5"},
  {"product_name":"Тонер HP\/Canon Magenta","description":"Static Control 45гр","price":"1300","quantity":"6","provider":"Кит-Юг","income_price":"1300","date":"2021-03-25 13:13:44.524000","storage_quantity":"5"},
  {"product_name":"Чип HP\/Canon yellow","description":"для картриджа","price":"700","quantity":"2","provider":"ИП МАК","income_price":"500","date":"2021-03-25 13:19:28.556000","storage_quantity":"1"},
  {"product_name":"Ролик захвата бумаги для LJ 1005 Canon MF3010 JHP RL1-1442\/ RL1-1443","description":"For HP\/ Canon","price":"800","quantity":"1","provider":"Кит-Юг","income_price":"800","date":"2021-07-19 12:38:03.000000","storage_quantity":"0"},
  {"product_name":"Плата форматирования Samsung ML-1640","description":"For Samsung","price":"11000","quantity":"1","provider":"Кит-Юг","income_price":"11000","date":"2021-03-26 13:59:02.583000","storage_quantity":"0"},
  {"product_name":"Дисплей для ноутбука 15,6\" 40 pin","description":"1366x768","price":"33000","quantity":"1","provider":"Moontech","income_price":"33000","date":"2021-08-28 14:44:16.000000","storage_quantity":"0"},
  {"product_name":"CPU Pentium 4","description":"Процессор Pentium 4 CPU 3.00 GHz","price":"3000","quantity":"1","provider":"Web","income_price":"3000","date":"2021-03-29 14:51:43.628000","storage_quantity":"0"},
  {"product_name":"ОЗУ SP 2gb DDR2 800","description":"Оперативная память 2 GB Silicon Power","price":"5000","quantity":"1","provider":"Web","income_price":"5000","date":"2021-03-29 14:52:24.507000","storage_quantity":"0"},
  {"product_name":"HDD WD Scorpio Blue 250 gb","description":"Жесткий Диск Western Digital 250 gb","price":"4000","quantity":"1","provider":"Web","income_price":"4000","date":"2021-03-29 14:53:25.715000","storage_quantity":"0"},
  {"product_name":"Гнездо USB для ноутбука","description":"USB 2.0","price":"1500","quantity":"1","provider":"Web","income_price":"1500","date":"2021-04-12 11:05:02.000000","storage_quantity":"0"},
  {"product_name":"Гнездо питания на ноутбук Asus","description":".","price":"2000","quantity":"5","provider":"Омега ЮГ, Александр","income_price":"1500","date":"2021-09-02 16:13:33.000000","storage_quantity":"4"},
  {"product_name":"HDD WD Blue 500gb Б\/У 2,5мм","description":"For laptop","price":"13000","quantity":"1","provider":"Web","income_price":"13000","date":"2021-03-31 16:51:52.169000","storage_quantity":"0"},
  {"product_name":"SSD Kingston A400 120gb ","description":"SATA 3.0 (6Гбит\/с), обратная совместимость с SATA 2.0 (3Гбит\/с)\r\n120ГБ – до 500МБ\/с для чтения и 320МБ\/с для записи","price":"11500","quantity":"3","provider":"Web","income_price":"11500","date":"2021-03-31 16:54:49.432000","storage_quantity":"1"},
  {"product_name":"Фотобарабан HP 219","description":"HP 219","price":"1500","quantity":"4","provider":"Кит-Юг","income_price":"1500","date":"2021-09-29 11:30:38.000000","storage_quantity":"1"},
  {"product_name":"Блок питания для МФУ Epson L210\/ L222\/ L366\/ L350","description":"Power supply for Epson L210","price":"5000","quantity":"1","provider":"Кит-Юг","income_price":"5000","date":"2021-04-01 10:15:48.627000","storage_quantity":"0"},
  {"product_name":"Ролик захвата бумаги для LJ M1522 MFP\/ M1120, P1505, Professional M1536\/P1566\/P1606\/ Canon MF4410\/4450\/4570\/4430\/4550\/4580","description":"RL1-1497","price":"800","quantity":"1","provider":"Кит-Юг","income_price":"800","date":"2021-08-19 13:50:47.000000","storage_quantity":"0"},
  {"product_name":"Тормозная площадка (Separation Pad) SCX-4300\/SCX4200\/ML-1510\/ML-1710\/SCX4623F","description":"Separation pad","price":"1500","quantity":"5","provider":"Кит-Юг","income_price":"1500","date":"2021-04-02 17:07:07.900000","storage_quantity":"4"},
  {"product_name":"sata molex","description":"Переходник sata molex\r\n","price":"350","quantity":"15","provider":"Web","income_price":"350","date":"2021-04-03 13:03:57.702000","storage_quantity":"6"},
  {"product_name":"Прошивка-дамп Samsung ML-2160\/2165\/ 2950\/2955\/3300\/ 5510\/6510 \/1660\/1665\/ SCX-34xx\/4728\/4829 \/\/ WC3550","description":"программа","price":"1000","quantity":"100","provider":"NoName","income_price":"0","date":"2021-04-05 06:30:45.650000","storage_quantity":"99"},
  {"product_name":"Прошивка-дамп Samsung М2070, M2020; HP 135W","description":"программа","price":"3000","quantity":"100","provider":"NoName","income_price":"0","date":"2021-04-05 06:19:51.356000","storage_quantity":"96"},
  {"product_name":"Прошивка-дамп Xerox B205\/B215 ","description":"программа","price":"5000","quantity":"20","provider":"NoName","income_price":"5000","date":"2021-04-05 06:30:08.296000","storage_quantity":"19"},
  {"product_name":"кабель питания-Хвостик","description":"на блоки питания ноутбуков","price":"2000","quantity":"20","provider":"Омега ЮГ, Александр","income_price":"1500","date":"2021-04-05 06:45:29.114000","storage_quantity":"16"},
  {"product_name":"Корпус для ПК Delux","description":"для ПК Delux","price":"3000","quantity":"1","provider":"Web","income_price":"3000","date":"2021-04-06 06:54:27.000000","storage_quantity":"0"},
  {"product_name":"Nvidia GeForce GT440 2gb 128BIT","description":"PCI Express ","price":"15000","quantity":"1","provider":"Web","income_price":"15000","date":"2021-04-06 14:42:23.000000","storage_quantity":"0"},
  {"product_name":"Ролик захвата бумаги для Canon MF4018","description":"+","price":"800","quantity":"1","provider":"Кит-Юг","income_price":"800","date":"2021-10-09 10:50:31.000000","storage_quantity":"0"},
  {"product_name":"ролик захвата бумаги Canon MF4410","description":"+","price":"800","quantity":"3","provider":"Кит-Юг","income_price":"300","date":"2021-04-09 14:20:24.000000","storage_quantity":"1"},
  {"product_name":"Ролик захвата в сборе Epson L3150\/ L3160\/ L3100\/ L1110","description":"For Epson","price":"3000","quantity":"1","provider":"Кит-Юг","income_price":"3000","date":"2021-04-12 09:41:48.000000","storage_quantity":"0"},
  {"product_name":"Ролик отделения бумаги в сборе Epson P50\/ L800\/ L805","description":"For Epson ","price":"2000","quantity":"1","provider":"Кит-Юг","income_price":"2000","date":"2021-04-13 15:21:00.000000","storage_quantity":"0"},
  {"product_name":"SSD Kingston 120gb Sata III 2.5mm ","description":"+","price":"11500","quantity":"1","provider":"Web","income_price":"11500","date":"2021-04-15 15:43:05.000000","storage_quantity":"0"},
  {"product_name":"Картридж EP27","description":"EP27","price":"4000","quantity":"1","provider":"Кит-Юг","income_price":"4000","date":"2021-04-17 07:23:12.000000","storage_quantity":"0"},
  {"product_name":"Узел захвата бумаги Samsung ML-2160 \/ ML-2165 \/ SCX-3400 \/ SCX-3405 \/ SL-M2022\/M2020\/M2021\/M2070\/M2071","description":"For Samsung","price":"3000","quantity":"1","provider":"Кит-Юг","income_price":"3000","date":"2021-04-17 08:35:59.000000","storage_quantity":"0"},
  {"product_name":"SSD Kingston 240gb Sata III 2.5mm ","description":"2.5mm","price":"18000","quantity":"3","provider":"Web","income_price":"18000","date":"2021-04-17 09:48:37.000000","storage_quantity":"0"},
  {"product_name":"Кейс для Жёсткого диска размером 2.5мм","description":"Предназначен для работы с SATA жёсткими дисками 2.5\" (HDD\/SSD). Mobile Rack превращает жёсткий диск из стационарного накопителя в мобильное устройство.","price":"4500","quantity":"1","provider":"Web","income_price":"4500","date":"2021-08-24 15:23:57.000000","storage_quantity":"0"},
  {"product_name":"Дисплей для ноутбука 15,6\" 30 pin","description":"1366x768","price":"32000","quantity":"3","provider":"Web","income_price":"32000","date":"2021-04-19 08:30:07.000000","storage_quantity":"2"},
  {"product_name":"ОЗУ GEIL 1GB","description":"ОЗУ GEIL 1GB","price":"3000","quantity":"1","provider":"Web","income_price":"3000","date":"2021-04-19 15:31:52.000000","storage_quantity":"0"},
  {"product_name":"Картридж Canon\/HP Q2612A","description":"for hp\/canon","price":"3500","quantity":"5","provider":"Кит-Юг","income_price":"3500","date":"2021-04-20 08:30:56.000000","storage_quantity":"2"},
  {"product_name":"Жесткий диск SATA 3,5\" 500 Gb","description":"Seagate 500 gb","price":"19500","quantity":"1","provider":"Web","income_price":"19500","date":"2021-04-20 09:45:30.000000","storage_quantity":"0"},
  {"product_name":"Чернила для струйного принтера Epson","description":"Dye INK","price":"500","quantity":"100","provider":"Кит-Юг","income_price":"450","date":"2021-04-21 14:27:31.000000","storage_quantity":"61"},
  {"product_name":"Клавиатура для ноутбука Acer","description":"Aspire E5-576","price":"6500","quantity":"2","provider":"Web","income_price":"6500","date":"2021-04-22 13:59:42.000000","storage_quantity":"0"},
  {"product_name":"Материнская плата Gigabyte GA H61M- S2V- B3 (1155soccet) Б\/У","description":"mini atx","price":"15000","quantity":"1","provider":"Илья Петричук","income_price":"15000","date":"2021-04-22 14:08:25.000000","storage_quantity":"0"},
  {"product_name":"Сетевая карта","description":"+","price":"4000","quantity":"1","provider":"Web","income_price":"4000","date":"2021-04-23 13:39:48.000000","storage_quantity":"0"},
  {"product_name":"Тонер HP\/Canon black","description":"Static Control 45gr","price":"1300","quantity":"2","provider":"Кит-Юг","income_price":"1300","date":"2021-04-26 08:11:59.000000","storage_quantity":"1"},
  {"product_name":"Тормозная площадка для MF 4018","description":"For Canon","price":"1500","quantity":"1","provider":"Кит-Юг","income_price":"1500","date":"2021-04-26 08:29:46.000000","storage_quantity":"0"},
  {"product_name":"Блок питания HuntKey ","description":"HuntKey 400w","price":"9000","quantity":"1","provider":"Web","income_price":"9000","date":"2021-04-26 11:52:57.000000","storage_quantity":"0"},
  {"product_name":"Батарейка CR2032","description":"VARTA","price":"500","quantity":"6","provider":"NoName","income_price":"300","date":"2021-04-27 16:10:10.000000","storage_quantity":"3"},
  {"product_name":"Плата в сборе для Canon Ir2420","description":"+","price":"6000","quantity":"1","provider":"Кит-Юг","income_price":"6000","date":"2021-04-28 12:52:03.000000","storage_quantity":"0"},
  {"product_name":"Контроллер питания на системную плату","description":"ISL\r\n\r\n\r\n\r\n\r\n\r\n\r\n\r\n\r\n\r\n\r\n\r\n\r\n\r\n\r\n\r\n\r\n\r\n\r\n\r\n\r\n\r\nISL****\r\nRT****","price":"1500","quantity":"10","provider":"Разбор","income_price":"1000","date":"2021-04-29 10:26:10.000000","storage_quantity":"9"},
  {"product_name":"SMD-транзистор","description":"****","price":"500","quantity":"20","provider":"Разбор","income_price":"300","date":"2021-04-29 10:24:44.000000","storage_quantity":"13"},
  {"product_name":"SMD-компонент","description":"резистор, конденсатор, диод","price":"300","quantity":"30","provider":"Разбор","income_price":"150","date":"2021-04-29 10:28:55.000000","storage_quantity":"30"},
  {"product_name":"Блок питания 450W Safe Power Б\/У","description":"Б\/У","price":"4500","quantity":"2","provider":"Разбор","income_price":"4500","date":"2021-04-29 12:38:40.000000","storage_quantity":"1"},
  {"product_name":"SSD 480gb","description":"SSD Apacer 480gb ","price":"29000","quantity":"2","provider":"Web","income_price":"19000","date":"2021-05-03 08:38:00.000000","storage_quantity":"1"},
  {"product_name":"шлейф Lenovo G510 40pin","description":"Lenovo G510 ","price":"5500","quantity":"2","provider":"Омега ЮГ, Александр","income_price":"5500","date":"2021-05-03 10:02:58.000000","storage_quantity":"1"},
  {"product_name":"Asus PH61 1155soccet ","description":"1155","price":"15000","quantity":"1","provider":"Web","income_price":"15000","date":"2021-05-04 16:21:19.000000","storage_quantity":"0"},
  {"product_name":"SSD Apaser 240 gb","description":"SSD 240 gb","price":"18000","quantity":"3","provider":"Web","income_price":"18000","date":"2021-05-06 15:04:44.000000","storage_quantity":"1"},
  {"product_name":"Теплоотвод Deepcool, THETA 15 PWM","description":"THETA 15 PWM For Intel (Intel Socket LGA 1156\/1155\/1150\/1151","price":"4000","quantity":"4","provider":"Web","income_price":"3000","date":"2021-05-10 15:05:02.000000","storage_quantity":"1"},
  {"product_name":"Тонер KX-FAT411A7","description":"KX-FAT411","price":"1500","quantity":"5","provider":"Кит-Юг","income_price":"800","date":"2021-08-17 12:18:44.000000","storage_quantity":"0"},
  {"product_name":"DVD\/RW 12.5mm for laptop","description":"для ноутбука","price":"5000","quantity":"1","provider":"Разбор","income_price":"5000","date":"2021-05-11 11:40:36.000000","storage_quantity":"0"},
  {"product_name":"Kingston SODIMM DDR3 2GB ","description":"for laptop","price":"5000","quantity":"1","provider":"Web","income_price":"5000","date":"2021-10-09 13:40:00.000000","storage_quantity":"1"},
  {"product_name":"Тонер Brother HL-2030\/TN-2000-2005","description":"Brother HL-2030\/TN-2000-2005","price":"600","quantity":"3","provider":"Кит-Юг","income_price":"600","date":"2021-05-13 07:05:07.000000","storage_quantity":"0"},
  {"product_name":"Вентилятор 120мм ","description":"Вентилятор 120x120","price":"1500","quantity":"5","provider":"NoName","income_price":"1500","date":"2021-05-14 08:40:20.000000","storage_quantity":"2"},
  {"product_name":"Фотобарабан Samsung D109S","description":"For Samsung","price":"1000","quantity":"3","provider":"Кит-Юг","income_price":"1000","date":"2021-05-15 06:51:43.000000","storage_quantity":"0"},
  {"product_name":"Ролик захвата бумаги Samsung SCX4200\/4220\/4300 ML1510\/1710","description":"Goodpartner","price":"800","quantity":"5","provider":"AliExpress","income_price":"800","date":"2021-05-15 06:54:31.000000","storage_quantity":"4"},
  {"product_name":"Шестерня тефлонового вала JC66-00564A для Samsung SCX-4200\/4300, SCX-3200, ML-2015","description":"JC66-00564A","price":"800","quantity":"5","provider":"Кит-Юг","income_price":"800","date":"2021-05-15 06:59:28.000000","storage_quantity":"4"},
  {"product_name":"Вал резиновый \/ вал прижимной Samsung ML-1510\/1710\/2015\/SCX-\/4200\/4300 Phaser3117\/3122 Б\/У","description":" JC66-00600A ","price":"3500","quantity":"1","provider":"Разбор","income_price":"3500","date":"2021-05-15 07:04:07.000000","storage_quantity":"0"},
  {"product_name":"Плата форматирвания Samsung ML-2160","description":"For Samsung ML2160\/ML2165","price":"10000","quantity":"1","provider":"Разбор","income_price":"10000","date":"2021-08-02 14:28:48.000000","storage_quantity":"0"},
  {"product_name":"SSD Apacer Panther AS350 120gb","description":"Sata III 6Gb\/s SSD 2.5mm","price":"12500","quantity":"3","provider":"Web","income_price":"12500","date":"2021-08-23 09:25:04.000000","storage_quantity":"0"},
  {"product_name":"Профилактика ноутбука MX4","description":"MX4","price":"5000","quantity":null,"provider":null,"income_price":null,"date":null,"storage_quantity":"0"},
  {"product_name":"Фотобарабан Samsung ML-1210","description":"Samsung ML-1210","price":"1000","quantity":"2","provider":"Кит-Юг","income_price":"1000","date":"2021-05-24 07:48:27.000000","storage_quantity":"1"},
  {"product_name":"Разъёмы питания HP","description":"Разъемы питания для ноутбуков HP","price":"3000","quantity":"1","provider":"Web","income_price":"3000","date":"2021-05-24 08:40:25.000000","storage_quantity":"0"},
  {"product_name":"Hdd Seagate 500gb 2.5mm Б\/У","description":"For Laptop","price":"12000","quantity":"1","provider":"Разбор","income_price":"12000","date":"2021-05-24 09:51:27.000000","storage_quantity":"0"},
  {"product_name":"кулер 6см ","description":"+","price":"700","quantity":"1","provider":"Web","income_price":"700","date":"2021-05-29 14:42:03.000000","storage_quantity":"0"},
  {"product_name":"Жесткий диск SATA 3,5\" 1000 Gb Б\/У","description":"HDD Toshiba","price":"13500","quantity":"1","provider":"Web","income_price":"13500","date":"2021-06-01 08:02:32.000000","storage_quantity":"0"},
  {"product_name":"Материнская плата H61MXL-K Б\/У","description":"Материнская плата H61MXL-K ","price":"15000","quantity":"1","provider":"Web","income_price":"15000","date":"2021-06-02 09:42:09.000000","storage_quantity":"0"},
  {"product_name":"SSD Apecer 120gb M.2","description":"M.2 Sata3 6GB\/s SSD","price":"12000","quantity":"3","provider":"Web","income_price":"12000","date":"2021-07-21 09:05:28.000000","storage_quantity":"2"},
  {"product_name":"Материнская плата H81M-VG4","description":"H81M-VG4 LGA1150","price":"18000","quantity":"2","provider":"Web","income_price":"18000","date":"2021-06-04 09:14:27.000000","storage_quantity":"0"},
  {"product_name":"SSD AFOX 120GB","description":"SSD SATA III 6Gb\/s 120Gb","price":"11500","quantity":"1","provider":"Web","income_price":"11500","date":"2021-06-17 12:34:29.000000","storage_quantity":"0"},
  {"product_name":"Процессор Intel Core i5-4440","description":"Intel Core i5-4440 3.10GHz","price":"30000","quantity":"1","provider":"Web","income_price":"30000","date":"2021-06-04 09:43:02.000000","storage_quantity":"0"},
  {"product_name":"Материнская плата MSI G41M-SP20","description":"MSI G41M-SP20 LGA 775","price":"12000","quantity":"1","provider":"Web","income_price":"12000","date":"2021-06-05 11:31:59.000000","storage_quantity":"0"},
  {"product_name":"Чип Samsung D109S","description":"Чип для картриджей Samsung D109S","price":"500","quantity":"5","provider":"Кит-Юг","income_price":"500","date":"2021-06-07 10:26:35.000000","storage_quantity":"4"},
  {"product_name":"Блок питания ATX 400W Б\/У","description":"Блок питания ATX 400W Б\/У Vortex","price":"4000","quantity":"1","provider":"Web","income_price":"4000","date":"2021-06-08 09:56:14.000000","storage_quantity":"0"},
  {"product_name":"Плата форматирования Epson L3050","description":"2188917 | 2178517 ДЛЯ EPSON L3050","price":"11000","quantity":"1","provider":"Кит-Юг","income_price":"11000","date":"2021-06-08 12:25:52.000000","storage_quantity":"0"},
  {"product_name":"Печатная головка Epson L3050 ","description":"FA040400041","price":"25000","quantity":"1","provider":"Кит-Юг","income_price":"25000","date":"2021-06-08 12:27:18.000000","storage_quantity":"0"},
  {"product_name":"Сетевая карта PCI Express","description":"TG-3468","price":"5700","quantity":"1","provider":"Web","income_price":"5700","date":"2021-06-09 07:55:44.000000","storage_quantity":"0"},
  {"product_name":"Тонер Универсальный для Kyocera Mita","description":"*","price":"1000","quantity":"4","provider":"Кит-Юг","income_price":"1300","date":"2021-09-09 13:30:18.000000","storage_quantity":"3"},
  {"product_name":"Материнская плата ASRock H61M-VG3","description":"ASRock H61M-VG3 \"LGA-1155\"","price":"15000","quantity":"1","provider":"Web","income_price":"15000","date":"2021-06-10 06:14:03.000000","storage_quantity":"1"},
  {"product_name":"Процесор intel Core i3-3220T","description":"intel Core i3-3220T \"LGA-1155\"","price":"10000","quantity":"3","provider":"Web","income_price":"10000","date":"2021-06-10 06:17:40.000000","storage_quantity":"3"},
  {"product_name":"Теплоотвод Deepcool THETA 15","description":"Deepcool THETA 15 \"1156\/1155\/1150\/1151\"","price":"3000","quantity":"5","provider":"Web","income_price":"3000","date":"2021-06-10 06:33:03.000000","storage_quantity":"5"},
  {"product_name":"Дисплей для ноутбука 14.0 30-pin ","description":"Матрица 14.0 30-pin 1920x1080 FHD","price":"36000","quantity":"3","provider":"Web","income_price":"33000","date":"2021-06-10 10:23:36.000000","storage_quantity":"2"},
  {"product_name":"Дисплей для ноутбука 15,6\" UltraSlim 30 pin","description":"без ушек","price":"38000","quantity":"1","provider":"NoName","income_price":"37000","date":"2021-06-10 14:57:11.000000","storage_quantity":"0"},
  {"product_name":"Жёсткий диск WD Blue 3.5mm 500gb Б\/У","description":"+","price":"9000","quantity":"1","provider":"Илья Петричук","income_price":"9000","date":"2021-07-12 09:22:20.000000","storage_quantity":"0"},
  {"product_name":"RC1-1953-000CN Подшипник привода картриджа","description":"Подшипник привода картриджа LJ 3015\/3020\/3030\/ 3050\/3052\/3055\/ M1005\/ M1319F \/ MF4018\/4010\/4120\/4150\/4140\/ FAX-L100\/L120\/L95\/ FAX-L160\/L140\/ LBP2900\/3000\/ MF4270\/4690pl\/4660pl\/ MF4350\/4320\/4370\/4380\/4340\/4330\/PC-D450\/440","price":"1500","quantity":"1","provider":"Кит-Юг","income_price":"1500","date":"2021-07-03 08:20:38.000000","storage_quantity":"0"},
  {"product_name":"Ремень привода каретки Epson L800","description":"1","price":"2000","quantity":"1","provider":"Кит-Юг","income_price":"2000","date":"2021-08-18 14:43:57.000000","storage_quantity":"0"},
  {"product_name":"Пластина печатающей головки (Фиксатор) Epson L800\/L805. P50","description":"Фиксатор","price":"2000","quantity":"1","provider":"Кит-Юг","income_price":"2000","date":"2021-06-17 15:49:29.000000","storage_quantity":"0"},
  {"product_name":"pw sensor epson l800","description":"Датчик ","price":"2500","quantity":"1","provider":"Разбор","income_price":"2500","date":"2021-06-17 15:55:22.000000","storage_quantity":"0"},
  {"product_name":"SSD MCPoint 256Gb","description":"SSD MCPoint 256Gb 2.5","price":"18500","quantity":"4","provider":"Web","income_price":"18500","date":"2021-06-22 08:53:50.000000","storage_quantity":"0"},
  {"product_name":"Картридж CF219A без чипа","description":"Картридж CF219A на принтер HP M102\/104\/130\/132 без чипа","price":"4000","quantity":"1","provider":"Кит-Юг","income_price":"4000","date":"2021-06-22 13:01:31.000000","storage_quantity":"0"},
  {"product_name":"Материнская плата ESC H55 (1156soccet)","description":"ATX","price":"13000","quantity":"1","provider":"Илья Петричук","income_price":"13000","date":"2021-06-26 10:41:40.000000","storage_quantity":"0"},
  {"product_name":"Печатающая головка HP DESKJET5810 COLOR+BLACK","description":"For HP deskjet 5810\/5820","price":"15000","quantity":"1","provider":"Кит-Юг","income_price":"15000","date":"2021-06-29 15:40:31.000000","storage_quantity":"0"},
  {"product_name":"Картридж Xerox Phaser 3100 с чипом","description":"106R01378","price":"8000","quantity":"1","provider":"Кит-Юг","income_price":"8000","date":"2021-06-30 11:51:12.000000","storage_quantity":"0"},
  {"product_name":"Фотобарабан KX-MB1520","description":"Фотобарабан KX-MB1520","price":"1500","quantity":"3","provider":"Кит-Юг","income_price":"1500","date":"2021-07-01 12:32:56.000000","storage_quantity":"2"},
  {"product_name":"Дисплей для ноутбука 17.3 40pin","description":"LTN173KT03","price":"30000","quantity":"1","provider":"Илья Петричук","income_price":"30000","date":"2021-07-01 12:44:05.000000","storage_quantity":"0"},
  {"product_name":"Чип для картриджа Samsung D111S","description":"Samsung D111S","price":"1800","quantity":"3","provider":"Кит-Юг","income_price":"1800","date":"2021-09-21 15:11:52.000000","storage_quantity":"2"},
  {"product_name":"Флажок для печки Canon LBP6020","description":"+","price":"1000","quantity":"2","provider":"Разбор","income_price":"1000","date":"2021-07-07 14:06:29.000000","storage_quantity":"0"},
  {"product_name":"Жёсткий диск 3,5мм ","description":"Б\/У","price":"9000","quantity":"1","provider":"Разбор","income_price":"9000","date":"2021-07-12 09:21:46.000000","storage_quantity":"1"},
  {"product_name":"Жёсткий диск 3.5мм (HDD) 500gb Seagate Barracuda ","description":"Ограниченная гарантия","price":"12000","quantity":"2","provider":"Web","income_price":"11500","date":"2021-07-16 07:57:44.000000","storage_quantity":"0"},
  {"product_name":"DUMP BIOS ноутбука","description":"DUMP","price":"3000","quantity":"10","provider":"NoName","income_price":"1000","date":"2021-07-17 10:23:24.000000","storage_quantity":"8"},
  {"product_name":"Wireless N USB Adapter","description":"TL-Wn821N","price":"5500","quantity":"1","provider":"Web","income_price":"5500","date":"2021-07-19 10:52:23.000000","storage_quantity":"0"},
  {"product_name":"Разъем питания LENOVO G580 (Глянцевый)","description":" LENOVO G580 20175 (Глянцевый)","price":"2000","quantity":"1","provider":"Web","income_price":"2000","date":"2021-07-23 06:37:59.000000","storage_quantity":"0"},
  {"product_name":"Вал переноса (коротрон) Canon iR2016\/2020\/2020i\/ iR2018\/2022\/2025\/2030\/ iR2320\/2318\/2420\/2422\/ MF7170i FC6-4313-000000 (3204414)","description":"Canon iR2016\/2020\/2020i\/ iR2018\/2022\/2025\/2030\/ iR2320\/2318\/2420\/2422\/","price":"1600","quantity":"2","provider":"Кит-Юг","income_price":"1600","date":"2021-07-27 12:35:51.000000","storage_quantity":"1"},
  {"product_name":"Картридж CF219A с чипом","description":"Картридж CF219A","price":"5000","quantity":"1","provider":"Кит-Юг","income_price":"5000","date":"2021-07-27 13:08:32.000000","storage_quantity":"0"},
  {"product_name":"Dr.Web Security Space 1пк 2года","description":"+","price":"4500","quantity":"1","provider":"Web","income_price":"4500","date":"2021-07-28 10:41:08.000000","storage_quantity":"0"},
  {"product_name":"Чип Samsung D101S","description":"+","price":"1500","quantity":"1","provider":"Кит-Юг","income_price":"1500","date":"2021-07-28 14:24:12.000000","storage_quantity":"0"},
  {"product_name":"ОЗУ Hynix 2GB PC3L-12800 Ddr3-1600mhz(1.35v)","description":"Hynix 2GB PC3L-12800 Ddr3-1600mhz(1.35v)","price":"5000","quantity":"1","provider":"Web","income_price":"5000","date":"2021-07-29 12:50:11.000000","storage_quantity":"0"},
  {"product_name":"Шлейф панели управления Canon MF4730\/4750","description":"+","price":"3500","quantity":"1","provider":"AliExpress","income_price":"3500","date":"2021-07-30 08:46:14.000000","storage_quantity":"0"},
  {"product_name":"FK3-3659 Мотор ADF MF4730\/4750","description":"С прочими кабелями","price":"6500","quantity":"1","provider":"Разбор","income_price":"6500","date":"2021-07-30 08:48:12.000000","storage_quantity":"0"},
  {"product_name":"Конденсатор 450V 68MF","description":"+","price":"700","quantity":"1","provider":"Разбор","income_price":"700","date":"2021-07-30 08:50:20.000000","storage_quantity":"0"},
  {"product_name":"Аккумулятор для ноутбука Compaq CQ58","description":"+","price":"12500","quantity":"1","provider":"Илья Петричук","income_price":"12500","date":"2021-07-31 10:11:11.000000","storage_quantity":"0"},
  {"product_name":"Клавиатура для ноутбука Compaq CQ58","description":"+","price":"6000","quantity":"1","provider":"Илья Петричук","income_price":"6000","date":"2021-07-31 10:11:55.000000","storage_quantity":"0"},
  {"product_name":"Сканер для МФУ Canon MF4410 FK3-1153","description":" FK3-1153","price":"8000","quantity":"1","provider":"Разбор","income_price":"8000","date":"2021-08-02 14:25:41.000000","storage_quantity":"0"},
  {"product_name":"Шлейф Сканера Canon ","description":"Для Canon","price":"3500","quantity":"3","provider":"Кит-Юг","income_price":"3500","date":"2021-08-02 14:26:39.000000","storage_quantity":"2"},
  {"product_name":"SSD KingSpec 120gb","description":"KingSpec 120gb SSD","price":"10500","quantity":"3","provider":"Web","income_price":"10500","date":"2021-09-04 14:42:32.000000","storage_quantity":"0"},
  {"product_name":"Матрица 30-pin ","description":"Матрица 30-pin ","price":"33000","quantity":"1","provider":"Web","income_price":"33000","date":"2021-08-04 10:07:45.000000","storage_quantity":"0"},
  {"product_name":"SSD M.2 KingSpec NVME\/PCEI 128gb","description":"+","price":"13500","quantity":"3","provider":"Web","income_price":"13500","date":"2021-09-11 18:09:09.000000","storage_quantity":"0"},
  {"product_name":"чип для картриджа Ricoh Sp111 SU","description":"+","price":"1000","quantity":"3","provider":"Кит-Юг","income_price":"1000","date":"2021-08-06 09:45:58.000000","storage_quantity":"2"},
  {"product_name":"Термопленка для LJ P2035\/P2055n\/M401 Canon LBP6670dn","description":"OEM","price":"3500","quantity":"1","provider":"Кит-Юг","income_price":"3500","date":"2021-09-21 14:02:27.000000","storage_quantity":"0"},
  {"product_name":"Термоэлемент для P2035\/P2055 M401\/M402 Canon LBP6670dn RM1-4248 Heating Element","description":"OEM","price":"4600","quantity":"1","provider":"Кит-Юг","income_price":"4600","date":"2021-08-06 10:16:32.000000","storage_quantity":"0"},
  {"product_name":"Резиновый вал для LJ P2035\/P2030\/P2050\/P2055\/PRO400.M401\/425\/ Сanon LBP6670dn Sleeved","description":"Box","price":"3300","quantity":"2","provider":"Кит-Юг","income_price":"3300","date":"2021-08-06 10:18:30.000000","storage_quantity":"1"},
  {"product_name":"Hdd Seagate 500gb 3.5mm Б\/У","description":"+","price":"8000","quantity":"1","provider":"Илья Петричук","income_price":"8000","date":"2021-08-10 09:21:40.000000","storage_quantity":"0"},
  {"product_name":"Конденсатор 6,3V 1000MF","description":"Конденсатор 6,3V 1000MF","price":"200","quantity":"2","provider":"Web","income_price":"200","date":"2021-08-11 08:55:28.000000","storage_quantity":"1"},
  {"product_name":"Шестерня FU9-0288","description":"+","price":"2100","quantity":"1","provider":"AliExpress","income_price":"2100","date":"2021-08-11 09:47:41.000000","storage_quantity":"0"},
  {"product_name":"Картридж Ricoh Sp150","description":"For use on: Ricoh SP150\/SP150SU","price":"7000","quantity":"1","provider":"Кит-Юг","income_price":"7000","date":"2021-08-12 15:21:54.000000","storage_quantity":"0"},
  {"product_name":"Аккумулятор для ноутбука HP V104","description":"14.8 2.6Ah","price":"12000","quantity":"1","provider":"Илья Петричук","income_price":"12000","date":"2021-08-13 11:14:23.000000","storage_quantity":"0"},
  {"product_name":"ОЗУ 2gb для ноутбука","description":"ОЗУ 2gb для ноутбука","price":"5000","quantity":"2","provider":"Web","income_price":"5000","date":"2021-08-13 13:56:03.000000","storage_quantity":"0"},
  {"product_name":"Жёсткий диск WD Green 3.5mm 320gb Б\/У","description":"WD Green 3.5mm 320gb Б\/У","price":"6000","quantity":"1","provider":"Web","income_price":"6000","date":"2021-08-16 06:05:54.000000","storage_quantity":"0"},
  {"product_name":" FC7-3727-000000 Наклейка \"HIGH TMP. CAUTION\" (\"Осторожно, высокая температура!\")","description":" Canon MF4150\/MF4140\/MF4122\/MF4120","price":"1000","quantity":"1","provider":"Разбор","income_price":"1000","date":"2021-08-16 09:12:48.000000","storage_quantity":"1"},
  {"product_name":"Wi-Fi модуль ","description":"+","price":"6500","quantity":"1","provider":"Разбор","income_price":"6500","date":"2021-08-17 12:17:10.000000","storage_quantity":"0"},
  {"product_name":"Шнур питания для ноутбука","description":"Шнур питания для ноутбука","price":"1000","quantity":"5","provider":"Web","income_price":"1000","date":"2021-09-29 13:16:33.000000","storage_quantity":"4"},
  {"product_name":"Главный мотор HP LJ M1536\/P1566\/P1606 (RM1-7544\/RM1-7624\/RM1-7625)","description":"+","price":"8600","quantity":"1","provider":"Разбор","income_price":"8600","date":"2021-08-19 13:49:04.000000","storage_quantity":"0"},
  {"product_name":"Жёсткий диск Toshiba 500gb 2.5mm","description":"for laptop","price":"19500","quantity":"1","provider":"Web","income_price":"19500","date":"2021-08-21 09:07:17.000000","storage_quantity":"0"},
  {"product_name":"Чип для картриджа Samsung ML-4200","description":"Samsung ML-4200","price":"2000","quantity":"2","provider":"NoName","income_price":"2000","date":"2021-08-24 14:04:42.000000","storage_quantity":"1"},
  {"product_name":"Блок питания 600W Asus Б\/У","description":"+","price":"5500","quantity":"1","provider":"Web","income_price":"5500","date":"2021-08-25 09:04:21.000000","storage_quantity":"0"},
  {"product_name":" Каретка для материнской платы AMD AM3","description":"AMD AM3","price":"500","quantity":"1","provider":"NoName","income_price":"500","date":"2021-08-25 15:22:28.000000","storage_quantity":"0"},
  {"product_name":"Wireless N PCI Express Adapter","description":"tp-link Wireless N PCI Express Adapter","price":"6500","quantity":"1","provider":"Web","income_price":"6500","date":"2021-08-26 17:27:32.000000","storage_quantity":"0"},
  {"product_name":"ОЗУ DDR2 1 GB для ПК","description":"+","price":"3000","quantity":"2","provider":"NoName","income_price":"2000","date":"2021-08-28 13:19:16.000000","storage_quantity":"0"},
  {"product_name":"Теплоотвод для процессора Deepcool Ice Blade 100","description":"For Intel\/AMD","price":"5500","quantity":"1","provider":"Web","income_price":"5500","date":"2021-08-30 16:33:32.000000","storage_quantity":"0"},
  {"product_name":"Блок питания 400W Vortex Б\/У","description":"+","price":"3500","quantity":"1","provider":"Разбор","income_price":"3500","date":"2021-08-30 18:10:13.000000","storage_quantity":"0"},
  {"product_name":"ОЗУ DDR3 4GB Geil","description":"+","price":"7500","quantity":"1","provider":"Web","income_price":"7500","date":"2021-08-30 18:31:25.000000","storage_quantity":"0"},
  {"product_name":"Клавиатура для ноутбука Acer ","description":"Aspire E1 Series","price":"5500","quantity":"2","provider":"Web","income_price":"5500","date":"2021-09-03 11:32:58.000000","storage_quantity":"1"},
  {"product_name":"Дисковод для нлутбука 9,5","description":"Дисковод для нлутбука 9,5","price":"7500","quantity":"1","provider":"Web","income_price":"7500","date":"2021-09-03 11:36:04.000000","storage_quantity":"0"},
  {"product_name":"USB кабель для принтера","description":"USB кабель для принтера","price":"1000","quantity":"15","provider":"Web","income_price":"550","date":"2021-09-11 11:38:28.000000","storage_quantity":"15"},
  {"product_name":"Материнская плата P4M900-M7","description":"G31","price":"10000","quantity":"1","provider":"Омега ЮГ, Александр","income_price":"10000","date":"2021-09-06 08:51:35.000000","storage_quantity":"0"},
  {"product_name":"Картридж 217 без чипа","description":"Картридж 217 без чипа","price":"3500","quantity":"5","provider":"Кит-Юг","income_price":"3500","date":"2021-09-13 09:55:49.000000","storage_quantity":"6"},
  {"product_name":"Чип для картриджа Kyocera","description":"Kyocera FS1040 (TK1110)","price":"1000","quantity":"5","provider":"Кит-Юг","income_price":"1000","date":"2021-09-09 13:49:10.000000","storage_quantity":"4"},
  {"product_name":"PCI-e USB 3.0 контроллер","description":"USB 3.0*4 порта","price":"7000","quantity":"3","provider":"Омега ЮГ, Александр","income_price":"4000","date":"2021-09-11 11:42:12.000000","storage_quantity":"3"},
  {"product_name":"PCI-Express USB 3.0","description":"Контроллер PCI USB","price":"7000","quantity":"3","provider":"Web","income_price":"7000","date":"2021-09-11 13:54:06.000000","storage_quantity":"2"},
  {"product_name":"Камера для ноутбука Lenovo G510","description":"+","price":"2000","quantity":"1","provider":"Разбор","income_price":"2000","date":"2021-09-13 15:40:09.000000","storage_quantity":"0"},
  {"product_name":"Плата регулируемого стабилизатора постоянного тока","description":"+","price":"1500","quantity":"3","provider":"Омега ЮГ, Александр","income_price":"700","date":"2021-09-15 07:24:02.000000","storage_quantity":"2"},
  {"product_name":"Сканирующая линейка Epson L210","description":"+","price":"13000","quantity":"1","provider":"Кит-Юг","income_price":"13000","date":"2021-09-15 08:46:34.000000","storage_quantity":"0"},
  {"product_name":"Боковая крышка картриджа на 728","description":"Боковая крышка картриджа на 728 (шестерня)","price":"500","quantity":"1","provider":"NoName","income_price":"500","date":"2021-09-28 07:15:47.000000","storage_quantity":"0"},
  {"product_name":"Ролик захвата бумаги RC1-2050-000, RL1-0266-000, RC1-5440-000 (LJ 1010\/1020) для HP LaserJet 1010, 1012, 1015, 1020, 1022, 1022n, 1022nw, 3015, 3020","description":"+","price":"800","quantity":"1","provider":"Кит-Юг","income_price":"800","date":"2021-09-17 14:30:27.000000","storage_quantity":"0"},
  {"product_name":"Блок питания ATX AeroCool","description":"VX Plus Seriesc 600W","price":"7000","quantity":"5","provider":"Web","income_price":"7000","date":"2021-09-20 07:53:08.000000","storage_quantity":"4"},
  {"product_name":"Картридж CE313A","description":"For HP ","price":"4000","quantity":"1","provider":"Кит-Юг","income_price":"4000","date":"2021-09-20 09:24:41.000000","storage_quantity":"0"},
  {"product_name":"Картридж CE312A","description":"For HP","price":"4000","quantity":"1","provider":"Кит-Юг","income_price":"4000","date":"2021-09-20 09:25:32.000000","storage_quantity":"0"},
  {"product_name":"Материнская плата MS-7667 (775-socket)","description":"945GCM5 V2 775-socket","price":"5000","quantity":"1","provider":"NoName","income_price":"5000","date":"2021-09-21 17:43:40.000000","storage_quantity":"0"},
  {"product_name":"Чернила EPSON 664 Black","description":"оригинал","price":"3000","quantity":"1","provider":"Кит-Юг","income_price":"3000","date":"2021-09-22 06:48:37.000000","storage_quantity":"0"},
  {"product_name":"SSD HIKVISION E100 128GB","description":"2.5mm","price":"11500","quantity":"3","provider":"Web","income_price":"11500","date":"2021-09-22 07:54:57.000000","storage_quantity":"0"},
  {"product_name":"SSD HIKVISION C100 240GB","description":"2.5mm","price":"17500","quantity":"4","provider":"Web","income_price":"17500","date":"2021-09-22 15:44:27.000000","storage_quantity":"1"},
  {"product_name":"Блок питания для ноутбука Samsung","description":"Б\/П для ноутбука Samsung 19V_3.16A(3.16A)","price":"7000","quantity":"1","provider":"NoName","income_price":"7000","date":"2021-09-29 13:16:11.000000","storage_quantity":"0"},
  {"product_name":"Чип Samsung D105S","description":"+","price":"1150","quantity":"1","provider":"Кит-Юг","income_price":"1150","date":"2021-10-02 11:57:54.000000","storage_quantity":"0"},
  {"product_name":"Ракель 505","description":"+","price":"800","quantity":"1","provider":"Кит-Юг","income_price":"800","date":"2021-10-04 14:46:12.000000","storage_quantity":"0"},
  {"product_name":"USB разём (USB 2.0 для ПК)","description":"USB разём (USB 2.0 для ПК)","price":"2500","quantity":"10","provider":"Web","income_price":"2500","date":"2021-10-06 08:43:05.000000","storage_quantity":"9"},
  {"product_name":"Б\/У Блок питания 450W","description":"+","price":"4000","quantity":"1","provider":"Разбор","income_price":"4000","date":"2021-10-06 10:32:25.000000","storage_quantity":"0"},
  {"product_name":"Процессор Intel Core 2 Duo E7500","description":"775 soccet ","price":"4000","quantity":"2","provider":"Разбор","income_price":"4000","date":"2021-10-06 13:02:23.000000","storage_quantity":"1"},
  {"product_name":"Картридж HP 1150\/1200 (C7115. Q2624)","description":"+","price":"3500","quantity":"1","provider":"Кит-Юг","income_price":"3500","date":"2021-10-08 08:05:41.000000","storage_quantity":"0"},
  {"product_name":"Лецензия Windous 10 Pro","description":"Windous 10 Pro","price":"70000","quantity":"1","provider":"NoName","income_price":"70000","date":"2021-10-08 09:25:33.000000","storage_quantity":"0"},
  {"product_name":"OEM KEY Windows 10 home single language","description":"147NC-RTJTG-RTRGM-6CC8C-JB2MD","price":"20000","quantity":"1","provider":"Web","income_price":"20000","date":"2021-10-08 13:20:24.000000","storage_quantity":"0"},
  {"product_name":"Ракель Canon IR2016","description":"+","price":"1500","quantity":"1","provider":"Кит-Юг","income_price":"1500","date":"2021-10-12 13:36:36.000000","storage_quantity":"0"},
  {"product_name":"Вентилятор 80мм Deepcool XFAN 80","description":"80x80","price":"1000","quantity":"10","provider":"Web","income_price":"1000","date":"2021-10-14 08:25:22.000000","storage_quantity":"10"},
  {"product_name":"Видеокарта MSI 9800GT 512mb","description":"MSI 9800GT 512mb 256bit","price":"8000","quantity":"1","provider":"NoName","income_price":"8000","date":"2021-10-15 11:50:50.000000","storage_quantity":"0"}
]
